"1","Aklasaur Steak","5","both","Bar","BU","0",,
"2","Bag of Assorted Berries","1","both","Bar","MFxPAxBU","0",,
"3","Bag of Smoked Insects","1","both","Bar","MFxPA","0",,
"4","Barbuga Fillet","3","both","Bar","BU","0",,
"5","Broiled Sharktacle","5","both","Bar","BU","0",,
"6","Bruk Roast","9","both","Bar","BU","0",,
"7","Dried Salamander","1","both","Bar","MFxPA","0",,
"8","Fire Ant Ale","3","both","Bar","BU","0",,
"9","Giant Crab Leg","31","both","Bar","MFxPA","0",,
"10","Giant Mole Burger","3","both","Bar","MFxPA","0",,
"11","Giant Rat Milk","1","both","Bar","PA","0",,
"12","Giant Rat Steak","3","both","Bar","PA","0",,
"13","Glass Bottle of Wine","2","both","Bar","MFxPAxBU","0",,
"14","Honey","2","both","Bar","BU","0",,
"15","Jar of Giant Killer Bee Honey","1","both","Bar","MFxPA","0",,
"16","Jar of Snake Liquor","1","both","Bar","PA","0",,
"17","Jar of Xeno Liquor","1","both","Bar","MF","0",,
"18","Large Pickled Egg","10","both","Bar","PA","0",,
"19","Leg of Giant Spider","5","both","Bar","PA","0",,
"20","Mystery Meat Kabob","1","both","Bar","MFxPA","0",,
"21","Pickled Hemofowl Egg","10","both","Bar","MF","0",,
"22","Pint of Wine","1","both","Bar","MFxPAxBU","0",,
"23","Rabboxen Milk","1","both","Bar","MF","0",,
"24","Rabboxen Steak","3","both","Bar","MF","0",,
"25","Rat on a Stick","1","both","Bar","MFxPAxBU","0",,
"26","Roasted Giant Cockroach","1","both","Bar","PA","0",,
"27","Roasted Meerkat","1","both","Bar","MF","0",,
"28","Shellox Milk","1","both","Bar","BU","0",,
"29","Spidergoat Haunch","5","both","Bar","MF","0",,
"30","Trail Ration","1","both","Bar","MFxPAxBU","0",,
"31","Unihare Stew","4","both","Bar","BU","0",,
"32","Unpreserved Ration","1","both","Bar","MFxPAxBU","0",,
"33","Waterskin","1","both","Bar","MFxPAxBU","0",,
"34","Xeno Jerky","1","both","Bar","MF","0",,
"35","Anti-Grav Trailer","500","hi","Mechanic","BU","1",,
"36","Armor Plate","5000","low","Mechanic","BU","1",,
"37","Drill","5000","hi","Mechanic","BU","1",,
"38","Folding Glider","600","low","Mechanic","BU","1",,
"39","Force Shield","4000","hi","Mechanic","BU","1",,
"40","Grappling Cable","400","low","Mechanic","BU","1",,
"41","Heavy Laser Cannon","1000","hi","Mechanic","BU","1",,
"42","Heavy Plasma Cannon","2000","hi","Mechanic","BU","1",,
"43","Heavy Projectile Cannon","800","low","Mechanic","BU","1",,
"44","Laser Cannon","500","hi","Mechanic","BU","1",,
"45","Light Bender","10000","hi","Mechanic","BU","1",,
"46","Parachute","400","low","Mechanic","BU","1",,
"47","Plasma Cannon","1500","hi","Mechanic","BU","1",,
"48","Projectile Cannon","300","low","Mechanic","BU","1",,
"49","Radar/Sonar","800","low","Mechanic","BU","1",,
"50","Rocket","600","low","Mechanic","BU","1",,
"51","Rocket Boosters","600","hi","Mechanic","BU","1",,
"52","Scrambler","800","low","Mechanic","BU","1",,
"53","Tow Cable","200","low","Mechanic","BU","1",,
"54","Trailer","300","low","Mechanic","BU","1",,
"55","Accelerate Dose","20","both","Medical","PA","0",,
"56","Air Mask","45","both","Medical","BU","0",,
"57","Air Tank","5","both","Medical","BU","0",,
"58","Antitox","30","both","Medical","MF","0",,
"59","Bandage (10)","1","both","Medical","MFxPA","0",,
"60","Cloning Tube (Cloning Services)","1000","both","Medical","MFxPAxBU","1",,
"61","Curing Dose","30","both","Medical","PA","0",,
"62","Decon Spray","46","both","Medical","BU","0",,
"63","Laboratory Bag","34","both","Medical","BU","0",,
"64","MedShot","12","both","Medical","BU","0",,
"65","MedWrap","24","both","Medical","BU","0",,
"66","Stimshot","20","both","Medical","MF","0",,
"67","ToxShot","15","both","Medical","BU","0",,
"68","Arrows (10)","6","low","Military","BU","0",,
"69","Arrows (20)","5","low","Military","MFxPA","0",,
"70","Automatic Pistol","70","hi","Military","MFxPA","0",,
"71","Automatic Rifle","80","hi","Military","MFxPA","0",,
"72","Automatic Shotgun","95","hi","Military","MFxPA","0",,
"73","Axe","6","low","Military","MFxPA","0",,
"74","Axe","10","low","Military","BU","0",,
"75","Ballistic Nylon Armor","170","hi","Military","MFxPA","0",,
"76","Battle Armor","400","hi","Military","BU","0",,
"77","Battle Axe","15","low","Military","BU","0",,
"78","Beast Barding Armor","150","low","Military","MFxPA","0",,
"79","Black Powder Pistol","50","hi","Military","MFxPA","0",,
"80","Black Powder Rifle","75","hi","Military","MFxPA","0",,
"81","Bow","9","low","Military","BU","0",,
"82","Broadsword","15","low","Military","BU","0",,
"83","Bullets (24)","8","hi","Military","MFxPA","0",,
"84","Bullets (24)","6","low","Military","BU","0",,
"85","Carbine Rifle","80","hi","Military","MFxPA","0",,
"86","Chain Armor","85","low","Military","BU","0",,
"87","Chain Mail Armor","150","low","Military","MFxPA","0",,
"88","Club","3","low","Military","MFxPA","0",,
"89","Club","3","low","Military","BU","0",,
"90","Combat Fatigues","30","hi","Military","BU","0",,
"91","Crossbow Bolts (10)","2","low","Military","MFxPA","0",,
"92","Dagger","3","low","Military","MFxPA","0",,
"93","Dart (2)","1","low","Military","MFxPA","0",,
"94","Detonix","345","hi","Military","BU","0",,
"95","Dynamite","300","hi","Military","MFxPA","0",,
"96","Fiberux Padded Suit","100","hi","Military","BU","0",,
"97","Fiberux Plate Suit","120","hi","Military","BU","0",,
"98","Flail","3","low","Military","MFxPA","0",,
"99","Flamethrower","240","hi","Military","BU","0",,
"100","Grenade","80","hi","Military","BU","0",,
"101","Gunpowder Pistol","20","low","Military","BU","0",,
"102","Heavy Battle Armor","800","hi","Military","BU","0",,
"103","Heavy Crossbow","25","low","Military","MFxPA","0",,
"104","Heavy Pistol","25","low","Military","BU","0",,
"105","Heavy Rifle","35","low","Military","BU","0",,
"106","Knife","3","low","Military","BU","0",,
"107","Lance","7","low","Military","MFxPA","0",,
"108","Laser Pistol","32","hi","Military","BU","0",,
"109","Laser Rifle","45","hi","Military","BU","0",,
"110","Leather Armor","45","low","Military","BU","0",,
"111","Light Crossbow","16","low","Military","MFxPA","0",,
"112","Long Sword","10","low","Military","MFxPA","0",,
"113","Longbow","40","low","Military","MFxPA","0",,
"114","Mace","5","low","Military","MFxPA","0",,
"115","Machine Pistol","75","low","Military","BU","0",,
"116","Machine Rifle","100","low","Military","BU","0",,
"117","Machinegun","120","hi","Military","MFxPA","0",,
"118","Medium Pistol","20","low","Military","BU","0",,
"119","Medium Rifle","30","low","Military","BU","0",,
"120","Missile","100","hi","Military","BU","0",,
"121","Missile Launcher","480","hi","Military","BU","0",,
"122","Molotov Cocktail","38","hi","Military","MFxPA","0",,
"123","Morningstar","5","low","Military","MFxPA","0",,
"124","Pick","5","low","Military","MFxPA","0",,
"125","Plasma Battle Axe","25","hi","Military","BU","0",,
"126","Plasma Broadsword","25","hi","Military","BU","0",,
"127","Plasma Grenade","100","hi","Military","BU","0",,
"128","Plasma Knife","12","hi","Military","BU","0",,
"129","Plasma Pistol","56","hi","Military","BU","0",,
"130","Plasma Rifle","67","hi","Military","BU","0",,
"131","Plasma Sword","18","hi","Military","BU","0",,
"132","Plate Armor","120","low","Military","BU","0",,
"133","Plate Metal Armor","600","low","Military","MFxPA","0",,
"134","Pole Arm","7","low","Military","MFxPA","0",,
"135","Quarterstaff","2","low","Military","MFxPA","0",,
"136","Revolver Pistol","60","hi","Military","MFxPA","0",,
"137","Scout Armor","65","hi","Military","BU","0",,
"138","Shield","10","low","Military","MFxPA","0",,
"139","Short Sword","7","low","Military","MFxPA","0",,
"140","Shortbow","25","low","Military","MFxPA","0",,
"141","Shot and Powder (10)","8","low","Military","BU","0",,
"142","Shotgun","85","hi","Military","MFxPA","0",,
"143","Shotgun","50","low","Military","BU","0",,
"144","Sling","2","low","Military","MFxPA","0",,
"145","Sling","4","low","Military","BU","0",,
"146","Sling Bullets (10)","2","low","Military","BU","0",,
"147","Sling Stones (20)","1","low","Military","MFxPA","0",,
"148","Small Pistol","15","low","Military","BU","0",,
"149","Small Rifle","25","low","Military","BU","0",,
"150","Smoke Grenade","58","hi","Military","BU","0",,
"151","Spear","3","low","Military","MFxPA","0",,
"152","Spear","8","low","Military","BU","0",,
"153","Sport Rifle","90","hi","Military","MFxPA","0",,
"154","Staff","8","low","Military","BU","0",,
"155","Stun Grenade","62","hi","Military","BU","0",,
"156","Sub Machinegun","75","hi","Military","MFxPA","0",,
"157","Sword","10","low","Military","BU","0",,
"158","Trident","4","low","Military","MFxPA","0",,
"159","Two-Handed Sword","15","low","Military","MFxPA","0",,
"160","War Hammer","7","low","Military","MFxPA","0",,
"161","Basic Robot ","500","hi","Robot","BU","0",,
"162","Installation Service ","200","hi","Robot","BU","1",,
"163","Software I ","100","hi","Robot","BU","1",,
"164","Software II ","200","hi","Robot","BU","1",,
"165","Software III ","300","hi","Robot","BU","1",,
"166","Software IV ","500","hi","Robot","BU","1",,
"167","Software IX ","5500","hi","Robot","BU","1",,
"168","Software V ","800","hi","Robot","BU","1",,
"169","Software VI ","1300","hi","Robot","BU","1",,
"170","Software VII ","2100","hi","Robot","BU","1",,
"171","Software VIII ","3400","hi","Robot","BU","1",,
"172","Software X ","8900","hi","Robot","BU","1",,
"173","Animal Feed (10 days)","40","both","Stable","BU","0",,
"174","Animal Feed (20)","1","both","Stable","MFxPA","0",,
"175","Bruk (Cattle)","30","both","Stable","BU","0",,
"176","Camel [Cameleda] (Riding/Pack Animal)","90","both","Stable","BU","0",,
"177","Centidon (Riding)","120","both","Stable","BU","0",,
"178","Cruler (Pack Animal)","75","both","Stable","BU","0",,
"179","Dog","1","both","Stable","MFxPA","0",,
"180","Dog [Doguyeor] (Guard)","25","both","Stable","BU","0",,
"181","Donkey","8","both","Stable","MFxPA","0",,
"182","Draft Horse","40","both","Stable","MFxPA","0",,
"183","Elephant [Elephubith] (Riding/Pack Animal)","110","both","Stable","BU","0",,
"184","Giant Lizard [Lilo] (Riding)","120","both","Stable","BU","0",,
"185","Guard Dog","25","both","Stable","MFxPA","0",,
"186","Horse [Horsanef] (Riding)","75","both","Stable","BU","0",,
"187","Mule","30","both","Stable","MFxPA","0",,
"188","Ostradon (Riding)","85","both","Stable","BU","0",,
"189","Pony","30","both","Stable","MFxPA","0",,
"190","Riding Horse","75","both","Stable","MFxPA","0",,
"191","Shellox (Pack Animal)","80","both","Stable","BU","0",,
"192","Stabling (2 days)","1","both","Stable","MFxPA","0",,
"193","Stabling (per day)","3","both","Stable","BU","0",,
"194","War Horse","250","both","Stable","MFxPA","0",,
"195","Wulog (Guard)","45","both","Stable","BU","0",,
"196","10` Chain","30","both","Supplies","MFxPA","0",,
"197","10` Ladder","1","both","Supplies","MFxPA","0",,
"198","10` Pole","1","both","Supplies","MFxPA","0",,
"199","50` Hemp Rope","1","both","Supplies","MFxPA","0",,
"200","50` Silk Rope","10","both","Supplies","MFxPA","0",,
"201","Anti-Grav Cart","1000","hi","Supplies","BU","0",,
"202","Backpack","2","both","Supplies","MFxPA","0",,
"203","Backpack","20","low","Supplies","BU","0",,
"204","Bedroll","1","both","Supplies","MFxPA","0",,
"205","Binoculars","125","low","Supplies","BU","0",,
"206","Block and Tackle","5","both","Supplies","MFxPA","0",,
"207","Camera","300","hi","Supplies","BU","0",,
"208","Candles (50)","1","both","Supplies","MFxPA","0",,
"209","Collapsible Pot","8","hi","Supplies","BU","0",,
"210","Communicator","30","low","Supplies","BU","0",,
"211","Compass","20","low","Supplies","BU","0",,
"212","Computer","800","hi","Supplies","BU","0",,
"213","Crowbar","2","both","Supplies","MFxPA","0",,
"214","Crowbar","3","low","Supplies","BU","0",,
"215","Darklight Goggles","360","hi","Supplies","BU","0",,
"216","Fiberux Tape","2","low","Supplies","BU","0",,
"217","Fire Extinguisher","25","low","Supplies","BU","0",,
"218","Flare","5","low","Supplies","BU","0",,
"219","Flask","1","both","Supplies","MFxPA","0",,
"220","Flint and Steel","2","both","Supplies","MFxPA","0",,
"221","Folding Shovel","10","low","Supplies","BU","0",,
"222","Food Pack (10 days)","30","low","Supplies","BU","0",,
"223","Gas Mask","35","low","Supplies","BU","0",,
"224","Generator","500","hi","Supplies","BU","0",,
"225","Glue","18","low","Supplies","BU","0",,
"226","Grappling Hook","1","both","Supplies","MFxPA","0",,
"227","Grappling Hook","8","low","Supplies","BU","0",,
"228","Hammer","1","both","Supplies","MFxPA","0",,
"229","Handcuffs","6","low","Supplies","BU","0",,
"230","Hololamp","125","hi","Supplies","BU","0",,
"231","Hot Disc","130","hi","Supplies","BU","0",,
"232","Iron Spikes (12)","1","both","Supplies","MFxPA","0",,
"233","Jet Pack","650","hi","Supplies","BU","0",,
"234","Lamp","25","low","Supplies","BU","0",,
"235","Lantern","9","both","Supplies","MFxPA","0",,
"236","Large Sack","1","both","Supplies","MFxPA","0",,
"237","Light Rod","10","low","Supplies","BU","0",,
"238","Lock","20","both","Supplies","MFxPA","0",,
"239","Lock Box","58","low","Supplies","BU","0",,
"240","Magnetic Gloves","60","hi","Supplies","BU","0",,
"241","Manacles","15","both","Supplies","MFxPA","0",,
"242","Map Case","1","both","Supplies","MFxPA","0",,
"243","Metal Detector","260","hi","Supplies","BU","0",,
"244","Miner Pick","3","both","Supplies","MFxPA","0",,
"245","Motion Sensor","90","hi","Supplies","BU","0",,
"246","Multi-Tool","12","low","Supplies","BU","0",,
"247","Net","24","low","Supplies","BU","0",,
"248","Pint of Oil","1","both","Supplies","MFxPA","0",,
"249","Plasma Torch","80","hi","Supplies","BU","0",,
"250","Quill","1","both","Supplies","MFxPA","0",,
"251","Radiation Suit","50","hi","Supplies","BU","0",,
"252","Raft","70","low","Supplies","BU","0",,
"253","Rope (100`)","4","low","Supplies","BU","0",,
"254","Saddle","25","both","Supplies","MFxPA","0",,
"255","Saddle Bag","1","both","Supplies","MFxPA","0",,
"256","Sharktacle Ink","2","both","Supplies","BU","0",,
"257","Sheet of Paper","1","both","Supplies","MFxPA","0",,
"258","Sheet of Parchment","1","both","Supplies","MFxPA","0",,
"259","Shovel","2","both","Supplies","MFxPA","0",,
"260","Sleeping Bag","9","low","Supplies","BU","0",,
"261","Small Sack","1","both","Supplies","MFxPA","0",,
"262","Small Steel Mirror","10","both","Supplies","MFxPA","0",,
"263","Spray Paint","3","low","Supplies","BU","0",,
"264","Spyglass","15","both","Supplies","MFxPA","0",,
"265","Swaging Kit","100","low","Supplies","BU","0",,
"266","Tent","34","low","Supplies","BU","0",,
"267","Tool Bag","34","low","Supplies","BU","0",,
"268","Torches (8)","1","both","Supplies","MFxPA","0",,
"269","Vial of Ink","8","both","Supplies","MFxPA","0",,
"270","Water Pack (10 days)","30","low","Supplies","BU","0",,
"271","Water Purifier","570","hi","Supplies","BU","0",,
"272","Winter Blanket","1","both","Supplies","MFxPA","0",,
"273","Xormite Grinder","340","low","Supplies","BU","0",,
"274","Xormite Liquefier","680","low","Supplies","BU","0",,
"275","3` Leather Strap","1","both","Tailor","MFxBUxPA","0",,
"276","Blouse","1","both","Tailor","MFxBUxPA","0",,
"277","Broad Girdle","2","both","Tailor","MFxBUxPA","0",,
"278","Cape","1","both","Tailor","MFxBUxPA","0",,
"279","Cloak","1","both","Tailor","MFxBUxPA","0",,
"280","Cloth Cap","1","both","Tailor","MFxBUxPA","0",,
"281","Cloth Dye","1","both","Tailor","MFxBUxPA","0",,
"282","Cloth Gloves","1","both","Tailor","MFxBUxPA","0",,
"283","Common Shoes","1","both","Tailor","MFxBUxPA","0",,
"284","Cotton Cloth (10 sq yd)","1","both","Tailor","MFxBUxPA","0",,
"285","Dress","2","both","Tailor","MFxBUxPA","0",,
"286","Dress Shoes","30","both","Tailor","MFxBUxPA","0",,
"287","Formal Tunic","10","both","Tailor","MFxBUxPA","0",,
"288","Fur Cloak","8","both","Tailor","MFxBUxPA","0",,
"289","Hat","1","both","Tailor","MFxBUxPA","0",,
"290","Heavy Boots","2","both","Tailor","MFxBUxPA","0",,
"291","Heavy Trousers","2","both","Tailor","MFxBUxPA","0",,
"292","High Hard Boots","2","both","Tailor","MFxBUxPA","0",,
"293","High Soft Boots","1","both","Tailor","MFxBUxPA","0",,
"294","Large Belt Pouch","1","both","Tailor","MFxBUxPA","0",,
"295","Large Cloth Sack","2","both","Tailor","MFxBUxPA","0",,
"296","Large Leather Bag","1","both","Tailor","MFxBUxPA","0",,
"297","Large Saddle Bags","4","both","Tailor","MFxBUxPA","0",,
"298","Leather Armor","20","both","Tailor","MFxBUxPA","0",,
"299","Leather Backpack","2","both","Tailor","MFxBUxPA","0",,
"300","Leather Beast Barding Armor","100","both","Tailor","MFxBUxPA","0",,
"301","Leather Belt","1","both","Tailor","MFxBUxPA","0",,
"302","Leather Cap","1","both","Tailor","MFxBUxPA","0",,
"303","Leather Coat","45","both","Tailor","BU","0",,
"304","Leather Flask","1","both","Tailor","MFxBUxPA","0",,
"305","Leather Gloves","8","both","Tailor","MFxBUxPA","0",,
"306","Light Trousers","1","both","Tailor","MFxBUxPA","0",,
"307","Linen Cloth (100 sq yd)","1","both","Tailor","MFxBUxPA","0",,
"308","Linen Doublet","3","both","Tailor","MFxBUxPA","0",,
"309","Linen Gown","3","both","Tailor","MFxBUxPA","0",,
"310","Linen Robe","3","both","Tailor","MFxBUxPA","0",,
"311","Low Hard Boots","1","both","Tailor","MFxBUxPA","0",,
"312","Medium Leather Bag","1","both","Tailor","MFxBUxPA","0",,
"313","Normal Girdle","1","both","Tailor","MFxBUxPA","0",,
"314","Padded Armor","4","both","Tailor","MFxBUxPA","0",,
"315","Saddle & Stirrups","10","both","Tailor","MFxBUxPA","0",,
"316","Saddle Blanket","1","both","Tailor","MFxBUxPA","0",,
"317","Satchel","1","both","Tailor","MFxBUxPA","0",,
"318","Satin Cloth (1 sq yd)","4","both","Tailor","MFxBUxPA","0",,
"319","Scissors","1","both","Tailor","MFxBUxPA","0",,
"320","Sewing Needle","2","both","Tailor","MFxBUxPA","0",,
"321","Shirt","1","both","Tailor","MFxBUxPA","0",,
"322","Silk Cloth (1 sq yd)","3","both","Tailor","MFxBUxPA","0",,
"323","Silk Gown","50","both","Tailor","MFxBUxPA","0",,
"324","Silk Robe","60","both","Tailor","MFxBUxPA","0",,
"325","Skin/Fur Hide Armor","5","both","Tailor","MFxBUxPA","0",,
"326","Skirt","1","both","Tailor","MFxBUxPA","0",,
"327","Small Belt Pouch","1","both","Tailor","MFxBUxPA","0",,
"328","Small Cloth Sack","1","both","Tailor","MFxBUxPA","0",,
"329","Small Leather Bag","1","both","Tailor","MFxBUxPA","0",,
"330","Small Saddle Bags","3","both","Tailor","MFxBUxPA","0",,
"331","Soft Boots","1","both","Tailor","MFxBUxPA","0",,
"332","Soft Hard Boots","1","both","Tailor","MFxBUxPA","0",,
"333","Spool Thread","1","both","Tailor","MFxBUxPA","0",,
"334","String (50 ft)","1","both","Tailor","MFxBUxPA","0",,
"335","Studded Leather Armor","30","both","Tailor","MFxBUxPA","0",,
"336","Velvet Cloth (1 sq yd)","4","both","Tailor","MFxBUxPA","0",,
"337","Wide Leather Belt","1","both","Tailor","MFxBUxPA","0",,
"338","Wool Cloth (10 sq yd)","1","both","Tailor","MFxBUxPA","0",,
"339","Wool Gown","1","both","Tailor","MFxBUxPA","0",,
"340","Wool Tunic","1","both","Tailor","MFxBUxPA","0",,
"341","Airship (Blimp)","4000","low","Vehicle","BU","1",,
"342","Anti-Grav Car ","4000","hi","Vehicle","BU","1",,
"343","Anti-Grav Cycle ","2800","hi","Vehicle","BU","1",,
"344","Anti-Grav Explorer ","6000","hi","Vehicle","BU","1",,
"345","Anti-Grav Tank","9500","hi","Vehicle","BU","1",,
"346","ATV","2400","low","Vehicle","BU","1",,
"347","Bus","12000","hi","Vehicle","MFxPA","1",,
"348","Bus","3800","low","Vehicle","BU","1",,
"349","Canoe","55","both","Vehicle","MFxPA","1",,
"350","Car","8000","hi","Vehicle","MFxPA","1",,
"351","Car","2000","low","Vehicle","BU","1",,
"352","Cargo Plane","32000","low","Vehicle","BU","1",,
"353","Cargo Truck","14500","low","Vehicle","BU","1",,
"354","Cart","100","low","Vehicle","MFxPA","1",,
"355","Dune Buggy","3000","low","Vehicle","BU","1",,
"356","Explorer ","5000","low","Vehicle","BU","1",,
"357","Helicopter","18000","hi","Vehicle","MFxPA","1",,
"358","Helicopter ","10000","low","Vehicle","BU","1",,
"359","Hovercraft","3200","hi","Vehicle","BU","1",,
"360","Jeep ","3000","low","Vehicle","BU","1",,
"361","Jet ","20000","low","Vehicle","BU","1",,
"362","Jet Ski","2500","low","Vehicle","BU","1",,
"363","Large Galley","32000","both","Vehicle","MFxPA","1",,
"364","Large Sailing Ship","22000","both","Vehicle","MFxPA","1",,
"365","Lifeboat","800","low","Vehicle","MFxPA","1",,
"366","Longship","17000","low","Vehicle","MFxPA","1",,
"367","Mini-Bus","2900","low","Vehicle","BU","1",,
"368","Moped","1900","low","Vehicle","BU","1",,
"369","Motorcycle","4000","hi","Vehicle","MFxPA","1",,
"370","Motorcycle ","2500","low","Vehicle","BU","1",,
"371","Pickup Truck","5000","low","Vehicle","BU","1",,
"372","Propeller Plane","8000","low","Vehicle","BU","1",,
"373","Raft","100","low","Vehicle","MFxPA","1",,
"374","River Boat","4000","low","Vehicle","MFxPA","1",,
"375","Robotic Tank","7000","hi","Vehicle","BU","1",,
"376","Sailboat","5000","low","Vehicle","BU","1",,
"377","Sailing Boat","2000","both","Vehicle","MFxPA","1",,
"378","Semi & Trailer ","16000","low","Vehicle","BU","1",,
"379","Ship ","50000","low","Vehicle","BU","1",,
"380","Small Galley","12000","both","Vehicle","MFxPA","1",,
"381","Small Jet Plane","32000","hi","Vehicle","MFxPA","1",,
"382","Small Prop Plane","67000","hi","Vehicle","MFxPA","1",,
"383","Small Sailing Ship","7000","both","Vehicle","MFxPA","1",,
"384","Submarine","14000","hi","Vehicle","BU","1",,
"385","Tank","7500","low","Vehicle","BU","1",,
"386","Train Car","5000","low","Vehicle","BU","1",,
"387","Train Engine","11000","low","Vehicle","BU","1",,
"388","Transport Sailing Ship","30000","both","Vehicle","MFxPA","1",,
"389","Truck","10000","hi","Vehicle","MFxPA","1",,
"390","Van","5300","low","Vehicle","BU","1",,
"391","Wagon","200","low","Vehicle","MFxPA","1",,
"392","War Galley","65000","both","Vehicle","MFxPA","1",,
"393","Yacht","9000","low","Vehicle","BU","1",,
"394","Quiver (holds 12 arrows)","1gp",,"Bowyer","DD","0",,
"395","Quiver (holds 12 bolts)","12sp",,"Bowyer","DD","0",,
"396","Quiver (holds 24 arrows)","25sp",,"Bowyer","DD","0",,
"397","Quiver (holds 24 bolts)","3gp",,"Bowyer","DD","0",,
"398","Arrow, Silver (1)","1gp",,"Bowyer","DD","0",,
"400","Arrow (12)","1gp",,"Bowyer","DD","0",,
"401","Bow, Composite, Short","75gp",,"Bowyer","DD","0",,
"402","Bow, Composite, Long","100gp",,"Bowyer","DD","0",,
"403","Bow, Long","60gp",,"Bowyer","DD","0",,
"404","Bow, Short","15gp",,"Bowyer","DD","0",,
"405","Crossbow, Heavy","20gp",,"Bowyer","DD","0",,
"406","Crossbow, Light","12gp",,"Bowyer","DD","0",,
"407","Dart","5sp",,"Bowyer","DD","0",,
"408","Quarrel, Light (12)","1gp",,"Bowyer","DD","0",,
"409","Quarrel, Heavy (12)","2gp",,"Bowyer","DD","0",,
"410","Ale (gallon)","1ep",,"Tavern","DD","0",,
"411","Ale (pint)","1sp",,"Tavern","DD","0",,
"412","Beer (gallon)","4sp",,"Tavern","DD","0",,
"413","Beer (pint)","1sp",,"Tavern","DD","0",,
"414","Brandy (pint)","1ep",,"Tavern","DD","0",,
"415","Grog (pint)","3sp",,"Tavern","DD","0",,
"416","Mead, (pint)","5sp",,"Tavern","DD","0",,
"417","Rum (pint)","5sp",,"Tavern","DD","0",,
"418","Wine (pint)","5sp",,"Tavern","DD","0",,
"419","Wine, Bottle","2gp",,"Tavern","DD","0",,
"420","Bread","6cp",,"Tavern","DD","0",,
"421","Cheese","6sp",,"Tavern","DD","0",,
"422","Egg, Pickled","1sp",,"Tavern","DD","0",,
"423","Fish","3sp",,"Tavern","DD","0",,
"424","Steak","4sp",,"Tavern","DD","0",,
"425","Cider","4sp",,"Tavern","DD","0",,
"427","Ale (pint)","1sp",,"Inn","DD","0",,
"428","Beer (pint)","1sp",,"Inn","DD","0",,
"429","Brandy (pint)","1ep",,"Inn","DD","0",,
"430","Bread","6cp",,"Inn","DD","0",,
"431","Cheese","6sp",,"Inn","DD","0",,
"432","Egg, Pickled","1sp",,"Inn","DD","0",,
"433","Fish","3sp",,"Inn","DD","0",,
"434","Rum (pint)","5sp",,"Inn","DD","0",,
"435","Steak","4sp",,"Inn","DD","0",,
"436","Wine (pint)","5sp",,"Inn","DD","0",,
"437","Wine, Bottle","2gp",,"Inn","DD","0",,
"438","Cloth, Cotton (1 sq yd)","1sp",,"Tailor","DD","0",,
"439","Cloth, Linen (1 sq yd)","5cp",,"Tailor","DD","0",,
"440","Cloth, Satin (1 sq yd)","4gp",,"Tailor","DD","0",,
"441","Cloth, Silk (1 sq yd)","3gp",,"Tailor","DD","0",,
"442","Cloth, Velvet (1 sq yd)","4gp",,"Tailor","DD","0",,
"443","Cloth, Wool (1 sq yd)","8cp",,"Tailor","DD","0",,
"444","Dye, Cloth","5sp",,"Tailor","DD","0",,
"445","Scissors","5sp",,"Tailor","DD","0",,
"446","Sewing Needle","2ep",,"Tailor","DD","0",,
"447","String (50 ft)","1sp",,"Tailor","DD","0",,
"448","Thread, Spool","5cp",,"Tailor","DD","0",,
"449","Blouse","4sp",,"Tailor","DD","0",,
"450","Cap, Cloth","5cp",,"Tailor","DD","0",,
"451","Cape","3sp",,"Tailor","DD","0",,
"452","Cloak","5sp",,"Tailor","DD","0",,
"453","Cloak, Fur","8gp",,"Tailor","DD","0",,
"454","Doublet, Linen","3gp",,"Tailor","DD","0",,
"455","Dress","9sp",,"Tailor","DD","0",,
"456","Girdle, Broad","2gp",,"Tailor","DD","0",,
"457","Girdle, Normal","10sp",,"Tailor","DD","0",,
"458","Gloves, Cloth","2sp",,"Tailor","DD","0",,
"459","Gown, Linen","3gp",,"Tailor","DD","0",,
"460","Gown, Silk","50gp",,"Tailor","DD","0",,
"461","Gown, Wool","5cp",,"Tailor","DD","0",,
"462","Hat","7sp",,"Tailor","DD","0",,
"463","Robe, Linen","3gp",,"Tailor","DD","0",,
"464","Robe, Silk","60gp",,"Tailor","DD","0",,
"465","Shirt","4sp",,"Tailor","DD","0",,
"466","Shoes, Common","5sp",,"Tailor","DD","0",,
"467","Shoes, Noble","30gp",,"Tailor","DD","0",,
"468","Skirt","3sp",,"Tailor","DD","0",,
"469","Trousers, Heavy","8sp",,"Tailor","DD","0",,
"470","Trousers, Light","3sp",,"Tailor","DD","0",,
"471","Tunic, Formal","10gp",,"Tailor","DD","0",,
"472","Tunic, Wool","5cp",,"Tailor","DD","0",,
"473","Sack, Cloth, Large","11cp",,"Tailor","DD","0",,
"474","Sack, Cloth, Small","7cp",,"Tailor","DD","0",,
"475","Alembic","4gp",,"Alchemist","DD","0",,
"476","Balance with Weights","10gp",,"Alchemist","DD","0",,
"477","Beaker","3gp",,"Alchemist","DD","0",,
"478","Bottle, Glass","3sp",,"Alchemist","DD","0",,
"479","Cauldron","6gp",,"Alchemist","DD","0",,
"480","Crucible","7sp",,"Alchemist","DD","0",,
"481","Flask, Glass","3sp",,"Alchemist","DD","0",,
"482","Funnel","4sp",,"Alchemist","DD","0",,
"483","Glue (2 oz)","2gp",,"Alchemist","DD","0",,
"484","Hourglass","4gp",,"Alchemist","DD","0",,
"485","Incense, Stick","1gp",,"Alchemist","DD","0",,
"486","Jar, Glass","5sp",,"Alchemist","DD","0",,
"487","Lens, Magnifying","5gp",,"Alchemist","DD","0",,
"488","Mortar & Pestle","2gp",,"Alchemist","DD","0",,
"489","Perfume (1 oz)","1gp",,"Alchemist","DD","0",,
"490","Pipe Tobacco","1gp",,"Alchemist","DD","0",,
"491","Pipe, Corncob","1cp",,"Alchemist","DD","0",,
"492","Tube, Glass","3sp",,"Alchemist","DD","0",,
"493","Tweezers","5sp",,"Alchemist","DD","0",,
"494","Vial, Ceramic","1gp",,"Alchemist","DD","0",,
"495","Vial, Crystal","4gp",,"Alchemist","DD","0",,
"496","Vial, Metal","3gp",,"Alchemist","DD","0",,
"497","Belladonna (oz)","4sp",,"Alchemist","DD","0",,
"498","Feverfew (oz)","5cp",,"Alchemist","DD","0",,
"499","Garlic","4cp",,"Alchemist","DD","0",,
"500","Hollyhock (oz)","4cp",,"Alchemist","DD","0",,
"501","Rue (oz)","3sp",,"Alchemist","DD","0",,
"502","Sage (oz)","4cp",,"Alchemist","DD","0",,
"503","Spiderwort (oz)","2sp",,"Alchemist","DD","0",,
"504","Wolfsbane (oz)","8sp",,"Alchemist","DD","0",,
"505","Yarrow (oz)","4cp",,"Alchemist","DD","0",,
"506","Box, Iron, Large","28gp",,"Blacksmith","DD","0",,
"507","Box, Iron, Small","9gp",,"Blacksmith","DD","0",,
"508","Bucket, Iron","8sp",,"Blacksmith","DD","0",,
"509","Barding, Chain","250gp",,"Blacksmith","DD","0",,
"510","Barding, Plate","500gp",,"Blacksmith","DD","0",,
"511","Banded Mail Armor","90gp",,"Blacksmith","DD","0",,
"512","Chain Mail Armor","75gp",,"Blacksmith","DD","0",,
"513","Helmet, Great","15gp",,"Blacksmith","DD","0",,
"514","Helmet, Small","10gp",,"Blacksmith","DD","0",,
"515","Plate Mail Armor","400gp",,"Blacksmith","DD","0",,
"516","Ring Mail Armor","30gp",,"Blacksmith","DD","0",,
"517","Scale Mail Armor","45gp",,"Blacksmith","DD","0",,
"518","Shield, Large","15gp",,"Blacksmith","DD","0",,
"519","Shield, Small","10gp",,"Blacksmith","DD","0",,
"520","Splint Mail Armor","80gp",,"Blacksmith","DD","0",,
"521","Axe, Battle","5gp",,"Blacksmith","DD","0",,
"522","Axe, Hand","1gp",,"Blacksmith","DD","0",,
"523","Axe, Throwing","1gp",,"Blacksmith","DD","0",,
"524","Bardiche","7gp",,"Blacksmith","DD","0",,
"525","Bec De Corbin","6gp",,"Blacksmith","DD","0",,
"526","Bill-Guisarme","6gp",,"Blacksmith","DD","0",,
"527","Daggar & Scabbard","2gp",,"Blacksmith","DD","0",,
"528","Fauchard","3gp",,"Blacksmith","DD","0",,
"529","Fauchard - Fork","8gp",,"Blacksmith","DD","0",,
"530","Flail, Footman","3gp",,"Blacksmith","DD","0",,
"531","Flail, Horseman","8gp",,"Blacksmith","DD","0",,
"532","Fork, Military","4gp",,"Blacksmith","DD","0",,
"533","Glaive","6gp",,"Blacksmith","DD","0",,
"534","Glaive-Guisarme","10gp",,"Blacksmith","DD","0",,
"535","Guisarme","5gp",,"Blacksmith","DD","0",,
"536","Guisarme-Voulge","7gp",,"Blacksmith","DD","0",,
"537","Halberd","9gp",,"Blacksmith","DD","0",,
"538","Hammer, Lucern","7gp",,"Blacksmith","DD","0",,
"539","Hammer","1gp",,"Blacksmith","DD","0",,
"540","Javelin","10sp",,"Blacksmith","DD","0",,
"541","Lance","6gp",,"Blacksmith","DD","0",,
"542","Mace, Footman","8gp",,"Blacksmith","DD","0",,
"543","Mace, Horseman","4gp",,"Blacksmith","DD","0",,
"544","Morning Star","5gp",,"Blacksmith","DD","0",,
"545","Partisan","10gp",,"Blacksmith","DD","0",,
"546","Pick, Military, Footman","8gp",,"Blacksmith","DD","0",,
"547","Pick, Military, Horseman","5gp",,"Blacksmith","DD","0",,
"548","Pike, Awl","3gp",,"Blacksmith","DD","0",,
"549","Ranseur","4gp",,"Blacksmith","DD","0",,
"550","Scimitar","15gp",,"Blacksmith","DD","0",,
"551","Spear","1gp",,"Blacksmith","DD","0",,
"552","Spetum","3gp",,"Blacksmith","DD","0",,
"553","Sword, Bastard & Scabbard","25gp",,"Blacksmith","DD","0",,
"554","Sword, Long & Scabbard","15gp",,"Blacksmith","DD","0",,
"555","Sword, Short & Scabbard","8gp",,"Blacksmith","DD","0",,
"556","Sword, Two-Handed & Scabbard","30gp",,"Blacksmith","DD","0",,
"557","Sword, Broad & Scabbard","10gp",,"Blacksmith","DD","0",,
"558","Trident","4gp",,"Blacksmith","DD","0",,
"559","Voulge","2gp",,"Blacksmith","DD","0",,
"560","Bell, Cow","3gp",,"Stables","DD","0",,
"561","Bird Cage","5gp",,"Stables","DD","0",,
"562","Chicken","3cp",,"Stables","DD","0",,
"563","Cow, Beef","8gp",,"Stables","DD","0",,
"564","Cow, Milk","7ep",,"Stables","DD","0",,
"565","Dog, Guard","25gp",,"Stables","DD","0",,
"566","Dog, Hunting","17gp",,"Stables","DD","0",,
"567","Donkey","8gp",,"Stables","DD","0",,
"568","Goat","1gp",,"Stables","DD","0",,
"569","Grain, Horse","1sp",,"Stables","DD","0",,
"570","Harness","12sp",,"Stables","DD","0",,
"571","Hawk, Large","40gp",,"Stables","DD","0",,
"572","Hawk, Small","18gp",,"Stables","DD","0",,
"573","Horse, Draft","30gp",,"Stables","DD","0",,
"574","Horse, Riding","40gp",,"Stables","DD","0",,
"575","Horse, War, Heavy","500gp",,"Stables","DD","0",,
"576","Horse, War, Light","200gp",,"Stables","DD","0",,
"577","Horse, War, Medium","350gp",,"Stables","DD","0",,
"578","Mule","18gp",,"Stables","DD","0",,
"579","Ox","15gp",,"Stables","DD","0",,
"580","Pig","3gp",,"Stables","DD","0",,
"581","Pig, Hog","4gp",,"Stables","DD","0",,
"582","Pigeon","2cp",,"Stables","DD","0",,
"583","Piglet","1gp",,"Stables","DD","0",,
"584","Pony","12gp",,"Stables","DD","0",,
"585","Reins, Bit & Bridle","2gp",,"Stables","DD","0",,
"586","Sheep","2gp",,"Stables","DD","0",,
"587","Songbird","4cp",,"Stables","DD","0",,
"588","Stabling (per day)","5sp",,"Stables","DD","0",,
"589","Barrel, Wooden","2gp",,"Carpenter","DD","0",,
"590","Box, Wooden, Large","6gp",,"Carpenter","DD","0",,
"591","Box, Wooden, Small","1gp",,"Carpenter","DD","0",,
"592","Bucket, Wooden","3sp",,"Carpenter","DD","0",,
"593","Cask","5sp",,"Carpenter","DD","0",,
"594","Chest, Wooden, Large","2gp",,"Carpenter","DD","0",,
"595","Chest, Wooden, Small","2ep",,"Carpenter","DD","0",,
"596","Barge, Small","50gp",,"Carpenter","DD","0",,
"597","Boat, Long","150gp",,"Carpenter","DD","0",,
"598","Boat, River","4,000gp",,"Carpenter","DD","0",,
"599","Boat, Sailing","2,000gp",,"Carpenter","DD","0",,
"600","Boat, Small","75gp",,"Carpenter","DD","0",,
"601","Canoe","55gp",,"Carpenter","DD","0",,
"602","Cart","50gp",,"Carpenter","DD","0",,
"603","Galley, Large","25,000gp",,"Carpenter","DD","0",,
"604","Galley, Small","10,000gp",,"Carpenter","DD","0",,
"605","Horse, Cart","15gp",,"Carpenter","DD","0",,
"606","Lifeboat","800gp",,"Carpenter","DD","0",,
"607","Raft","50gp",,"Carpenter","DD","0",,
"608","Ship, Merchant, Large","15,000gp",,"Carpenter","DD","0",,
"609","Ship, Merchant, Small","5,000gp",,"Carpenter","DD","0",,
"610","Ship, War","20,000gp",,"Carpenter","DD","0",,
"611","Wagon","150gp",,"Carpenter","DD","0",,
"612","Wagon, Large","250gp",,"Carpenter","DD","0",,
"613","Wagon, Small","100gp",,"Carpenter","DD","0",,
"614","Shield, Small, Wooden","1gp",,"Carpenter","DD","0",,
"615","Bracer, Leather (archery)","8sp",,"Leatherworker","DD","0",,
"616","Flask, Leather","3cp",,"Leatherworker","DD","0",,
"617","Scrollcase, Leather","1gp",,"Leatherworker","DD","0",,
"618","Strap, Leather (3 ft)","10sp",,"Leatherworker","DD","0",,
"619","Belt, Leather","4sp",,"Leatherworker","DD","0",,
"620","Belt, Leather, Wide","6sp",,"Leatherworker","DD","0",,
"621","Boots, Heavy","2gp",,"Leatherworker","DD","0",,
"622","Boots, High, Hard","2gp",,"Leatherworker","DD","0",,
"623","Boots, High, Soft","1gp",,"Leatherworker","DD","0",,
"624","Boots, Low, Hard","1gp",,"Leatherworker","DD","0",,
"625","Boots, Low, Soft","1sp",,"Leatherworker","DD","0",,
"626","Boots, Soft","1gp",,"Leatherworker","DD","0",,
"627","Cap, Leather","4sp",,"Leatherworker","DD","0",,
"628","Gloves, Leather","8sp",,"Leatherworker","DD","0",,
"629","Backpack, Leather","2gp",,"Leatherworker","DD","0",,
"630","Bag, Leather, Large","15cp",,"Leatherworker","DD","0",,
"631","Bag, Leather, Medium","11cp",,"Leatherworker","DD","0",,
"632","Bag, Leather, Small","7cp",,"Leatherworker","DD","0",,
"633","Pouch, Belt, Large","4sp",,"Leatherworker","DD","0",,
"634","Pouch, Belt, Small","2sp",,"Leatherworker","DD","0",,
"635","Satchel","1gp",,"Leatherworker","DD","0",,
"636","Barding, Leather","100gp",,"Leatherworker","DD","0",,
"637","Saddle & Stirrups","10gp",,"Leatherworker","DD","0",,
"638","Saddle Bags, Large","4gp",,"Leatherworker","DD","0",,
"639","Saddle Bags, Small","3gp",,"Leatherworker","DD","0",,
"640","Saddle Blanket","3sp",,"Leatherworker","DD","0",,
"641","Leather Armor","5gp",,"Leatherworker","DD","0",,
"642","Padded Armor","4gp",,"Leatherworker","DD","0",,
"643","Studded Leather Armor","15gp",,"Leatherworker","DD","0",,
"644","Sling","5sp",,"Leatherworker","DD","0",,
"645","Sling, Bullets (12)","10sp",,"Leatherworker","DD","0",,
"646","Bread","6cp",,"Baker","DD","0",,
"647","Cheese","6sp",,"Baker","DD","0",,
"648","Eggs, Pickled (cask)","12sp",,"Baker","DD","0",,
"649","Fish, Dry, Salted (barrel)","40gp",,"Baker","DD","0",,
"650","Flour (10 lbs)","4sp",,"Baker","DD","0",,
"651","Rations","2gp",,"Baker","DD","0",,
"652","Berries, Bag","1cp",,"Baker","DD","0",,
"653","Apple","3cp",,"Baker","DD","0",,
"654","Nuts, Bag","2cp",,"Baker","DD","0",,
"655","Carrot","1cp",,"Baker","DD","0",,
"656","Onion","2cp",,"Baker","DD","0",,
"657","Fish","7sp",,"Baker","DD","0",,
"658","Beef","9sp",,"Baker","DD","0",,
"659","Pork","5sp",,"Baker","DD","0",,
"660","Lamb","1gp",,"Baker","DD","0",,
"661","Cider","4sp",,"Baker","DD","0",,
"662","Orange","5sp",,"Baker","DD","0",,
"663","Lemon","5sp",,"Baker","DD","0",,
"664","Apricot","4sp",,"Baker","DD","0",,
"665","Peach","4sp",,"Baker","DD","0",,
"666","Cherries (8)","1gp",,"Baker","DD","0",,
"667","Strawberries (5)","1gp",,"Baker","DD","0",,
"668","Pumpkin","4cp",,"Baker","DD","0",,
"669","Turnip","2cp",,"Baker","DD","0",,
"670","Lettuce","3cp",,"Baker","DD","0",,
"671","Cabbage","3cp",,"Baker","DD","0",,
"672","Bedroll","2sp",,"Provisioner","DD","0",,
"673","Beeswax","1sp",,"Provisioner","DD","0",,
"674","Bell, Hand","5gp",,"Provisioner","DD","0",,
"675","Bell, Small","1gp",,"Provisioner","DD","0",,
"676","Bellows","1gp",,"Provisioner","DD","0",,
"677","Blanket","8sp",,"Provisioner","DD","0",,
"678","Block & Tackle","5gp",,"Provisioner","DD","0",,
"679","Bowl, Clay","5cp",,"Provisioner","DD","0",,
"680","Bowl, Pewter","2sp",,"Provisioner","DD","0",,
"681","Bowl, Silver","2gp",,"Provisioner","DD","0",,
"682","Bowl, Wooden","3cp",,"Provisioner","DD","0",,
"683","Brazier","15gp",,"Provisioner","DD","0",,
"684","Caltrops","1gp",,"Provisioner","DD","0",,
"685","Candle","1sp",,"Provisioner","DD","0",,
"686","Canvas (1 sq yd)","1sp",,"Provisioner","DD","0",,
"687","Chain, Iron, Fine (1 ft)","2gp",,"Provisioner","DD","0",,
"688","Chain, Iron, Heavy (1 ft)","1gp",,"Provisioner","DD","0",,
"689","Chain, Iron, Light (1 ft)","15sp",,"Provisioner","DD","0",,
"690","Chain, Iron, Medium (1 ft)","18sp",,"Provisioner","DD","0",,
"691","Chalk","1cp",,"Provisioner","DD","0",,
"692","Charcoal (10 lbs)","2gp",,"Provisioner","DD","0",,
"693","Climbing Peg","1sp",,"Provisioner","DD","0",,
"694","Crowbar","2gp",,"Provisioner","DD","0",,
"695","Cup, Clay","4cp",,"Provisioner","DD","0",,
"696","Cup, Pewter","2sp",,"Provisioner","DD","0",,
"697","Cup, Silver","2gp",,"Provisioner","DD","0",,
"698","Cup, Wooden","2cp",,"Provisioner","DD","0",,
"699","Dice, Ivory","2ep",,"Provisioner","DD","0",,
"700","Dice, Ivory (loaded)","4gp",,"Provisioner","DD","0",,
"701","Dye, Hair","8sp",,"Provisioner","DD","0",,
"702","Firewood","1cp",,"Provisioner","DD","0",,
"703","Fish Hook","1sp",,"Provisioner","DD","0",,
"704","Fishing Net (25 sq ft)","1sp",,"Provisioner","DD","0",,
"705","Flint & Steel","1gp",,"Provisioner","DD","0",,
"706","Furnace","35gp",,"Provisioner","DD","0",,
"707","Goblet, Crystal","4gp",,"Provisioner","DD","0",,
"708","Goblet, Pewter","4sp",,"Provisioner","DD","0",,
"709","Goblet, Silver","2gp",,"Provisioner","DD","0",,
"710","Grappling Hook","1gp",,"Provisioner","DD","0",,
"711","Hacksaw","2gp",,"Provisioner","DD","0",,
"712","Hairbrush","7sp",,"Provisioner","DD","0",,
"713","Hammer & Chisel","5sp",,"Provisioner","DD","0",,
"714","Iron Spikes (dozen)","1gp",,"Provisioner","DD","0",,
"715","Jug, Clay","1ep",,"Provisioner","DD","0",,
"716","Kettle, Iron","8gp",,"Provisioner","DD","0",,
"717","Ladder, Folding (10 ft)","5sp",,"Provisioner","DD","0",,
"718","Lamp, Bronze","1sp",,"Provisioner","DD","0",,
"719","Lantern, Bullseye","12gp",,"Provisioner","DD","0",,
"720","Lantern, Hooded","7gp",,"Provisioner","DD","0",,
"721","Manacles","15gp",,"Provisioner","DD","0",,
"722","Metal File","2gp",,"Provisioner","DD","0",,
"723","Mirror (1 sq/ft)","15gp",,"Provisioner","DD","0",,
"724","Mirror, Small, Silver","45gp",,"Provisioner","DD","0",,
"725","Mirror, Small, Steel","20gp",,"Provisioner","DD","0",,
"726","Oil, Lamp (pint)","1sp",,"Provisioner","DD","0",,
"727","Padlock with Key","6gp",,"Provisioner","DD","0",,
"728","Paint (1 gallon)","2gp",,"Provisioner","DD","0",,
"729","Paint Brush, Large","5sp",,"Provisioner","DD","0",,
"730","Paint Brush, Small","1gp",,"Provisioner","DD","0",,
"731","Pick Axe","6gp",,"Provisioner","DD","0",,
"732","Pillow, Feather","2sp",,"Provisioner","DD","0",,
"733","Plate, Clay","3cp",,"Provisioner","DD","0",,
"734","Plate, Pewter","2sp",,"Provisioner","DD","0",,
"735","Plate, Silver","2gp",,"Provisioner","DD","0",,
"736","Plate, Wooden","2cp",,"Provisioner","DD","0",,
"737","Pliers","1gp",,"Provisioner","DD","0",,
"738","Pole (10 ft)","2sp",,"Provisioner","DD","0",,
"739","Pot, Iron","5sp",,"Provisioner","DD","0",,
"740","Razor","1gp",,"Provisioner","DD","0",,
"741","Rope, Hemp (50 ft)","1gp",,"Provisioner","DD","0",,
"742","Rope, Silk (50 ft)","10gp",,"Provisioner","DD","0",,
"743","Shovel","4gp",,"Provisioner","DD","0",,
"744","Skillet","1gp",,"Provisioner","DD","0",,
"745","Soap, Bar","2gp",,"Provisioner","DD","0",,
"746","Spyglass","1,000gp",,"Provisioner","DD","0",,
"747","Stool, Folding","2gp",,"Provisioner","DD","0",,
"748","Tent","10gp",,"Provisioner","DD","0",,
"749","Thief Tools","30gp",,"Provisioner","DD","0",,
"750","Tinderbox","1gp",,"Provisioner","DD","0",,
"751","Tongs","4sp",,"Provisioner","DD","0",,
"752","Torch","1cp",,"Provisioner","DD","0",,
"753","Twine (100 ft)","8cp",,"Provisioner","DD","0",,
"754","Waterskin (3 pint)","1gp",,"Provisioner","DD","0",,
"755","Whetstone","1gp",,"Provisioner","DD","0",,
"756","Whistle","1gp",,"Provisioner","DD","0",,
"757","Whistle, Signal","8sp",,"Provisioner","DD","0",,
"758","Book, Parchment (100 pg)","220gp",,"Library","DD","0",,
"759","Ink (2 oz)","1gp",,"Library","DD","0",,
"760","Parchment (1 sheet)","4gp",,"Library","DD","0",,
"761","Quill","2cp",,"Library","DD","0",,
"762","Vellum (1 sheet)","3sp",,"Library","DD","0",,
"763","Scrollcase, Bone","4gp",,"Library","DD","0",,
"764","Spell Book (blank)","25gp",,"Library","DD","0",,
"765","Water Clock","3gp",,"Library","DD","0",,
"766","Beads, Prayer","1gp",,"Church","DD","0",,
"767","Holy Symbol, Pewter","5gp",,"Church","DD","0",,
"768","Holy Symbol, Silver","25gp",,"Church","DD","0",,
"769","Holy Symbol, Wooden","6sp",,"Church","DD","0",,
"770","Holy Water, Bottle","25gp",,"Church","DD","0",,
"771","Bandora","15gp",,"Music","DD","0",,
"772","Chime","2gp",,"Music","DD","0",,
"773","Drum","4gp",,"Music","DD","0",,
"774","Fife","5gp",,"Music","DD","0",,
"775","Flute","16gp",,"Music","DD","0",,
"776","Gong","5gp",,"Music","DD","0",,
"777","Harp","50gp",,"Music","DD","0",,
"778","Horn","6gp",,"Music","DD","0",,
"779","Lute","25gp",,"Music","DD","0",,
"780","Lyre","27gp",,"Music","DD","0",,
"781","Mandolin","28gp",,"Music","DD","0",,
"782","Pipes","2gp",,"Music","DD","0",,
"783","Rebeck","30gp",,"Music","DD","0",,
"784","Recorder","6gp",,"Music","DD","0",,
"785","raise dead (+500gp per priest level)","1000","9","Priest","DD","1",,
"786","shift plane","4000","9","Priest","DD","1",,
"787","remove disease","1000","9","Priest","DD","1",,
"788","heal deadly wounds","600","9","Priest","DD","1",,
"789","atonement (per level of recipient)","500","9","Priest","DD","1",,
"790","tongues","500","7","Priest","DD","1",,
"791","neutralize poison","1000","7","Priest","DD","1",,
"792","divination","1000","7","Priest","DD","1",,
"793","heal dangerous wounds","350","7","Priest","DD","1",,
"794","remove blindness","1000","5","Priest","DD","1",,
"795","continuing light","500","5","Priest","DD","1",,
"796","commune (+500gp per question)","1000","3","Priest","DD","1",,
"797","augury","300","3","Priest","DD","1",,
"798","purify food & drink","100","1","Priest","DD","1",,
"799","magic detection","150","1","Priest","DD","1",,
"800","evil detection","100","1","Priest","DD","1",,
"801","heal minor wounds","100","1","Priest","DD","1",,
"802","heal (per point)","200","11","Priest","DD","1",,
"803","astral travel (per person)","5000","16","Priest","DD","1",,
"804","weather control","10000","16","Priest","DD","1",,
"805","earthquake","10000","16","Priest","DD","1",,
"806","gate","50000","16","Priest","DD","1",,
"807","regeneration","15000","16","Priest","DD","1",,
"808","restoration (+10,000gp per recipient level)","10000","16","Priest","DD","1",,
"809","exorcism (per level of priest)","1000","7","Priest","DD","1",,
"810","speak with dead (per level of priest)","100","5","Priest","DD","1",,
"811","lift curse (per level of priest)","500","5","Priest","DD","1",,
"812","prayer (per level of priest)","50","5","Priest","DD","1",,
"813","remove magic (per level of priest)","100","5","Priest","DD","1",,
"814","slow poison (per level of priest)","200","3","Priest","DD","1",,
"815","silence (per level of priest)","100","3","Priest","DD","1",,
"816","fire resistance (per level of priest)","100","3","Priest","DD","1",,
"817","cold resistance (per level of priest)","50","1","Priest","DD","1",,
"818","evil protection (per level of priest)","50","1","Priest","DD","1",,
"819","bless (per recipient) (per level of priest)","5","1","Priest","DD","1",,
"820","true sight (per level of priest)","400","9","Priest","DD","1",,
"821","find the way (per level of priest)","500","11","Priest","DD","1",,
"822","part water (per level of priest)","1000","11","Priest","DD","1",,
"823","Barge, Small","50gp",,"Carpenter","TT","2",,
"824","Boat, Long","150gp",,"Carpenter","TT","2",,
"825","Boat, River","4,000gp",,"Carpenter","TT","1",,
"826","Boat, Sailing","2,000gp",,"Carpenter","TT","2",,
"827","Galley, Large","25,000gp",,"Carpenter","TT","2",,
"828","Galley, Small","10,000gp",,"Carpenter","TT","2",,
"829","Ship, Merchant, Large","15,000gp",,"Carpenter","TT","2",,
"830","Ship, Merchant, Small","5,000gp",,"Carpenter","TT","2",,
"831","Ship, War","20,000gp",,"Carpenter","TT","2",,
"832","Wagon, Large","250gp",,"Carpenter","TT","1",,
"833","Alembic","4gp",,"Alchemist","TT","0",,
"834","Balance with Weights","10gp",,"Alchemist","TT","0",,
"835","Beaker","3gp",,"Alchemist","TT","0",,
"836","Belladonna (herb - cures lycanthropy)","4sp",,"Alchemist","TT","0",,
"837","Bottle, Glass","3sp",,"Alchemist","TT","0",,
"838","Cauldron","6gp",,"Alchemist","TT","0",,
"839","Crucible","7sp",,"Alchemist","TT","0",,
"840","Feverfew (oz)","5cp",,"Alchemist","TT","0",,
"841","Flask, Glass","3sp",,"Alchemist","TT","0",,
"842","Funnel","4sp",,"Alchemist","TT","0",,
"843","Garlic (herb - drives off vampires)","4cp",,"Alchemist","TT","0",,
"844","Glue (2 oz)","2gp",,"Alchemist","TT","0",,
"846","Hourglass","4gp",,"Alchemist","TT","0",,
"847","Incense, Stick","1gp",,"Alchemist","TT","0",,
"848","Jar, Glass","5sp",,"Alchemist","TT","0",,
"849","Lens, Magnifying","5gp",,"Alchemist","TT","0",,
"850","Mortar & Pestle","2gp",,"Alchemist","TT","0",,
"851","Perfume (1 oz)","1gp",,"Alchemist","TT","0",,
"852","Pipe Tobacco","1gp",,"Alchemist","TT","0",,
"853","Pipe, Corncob","1cp",,"Alchemist","TT","0",,
"856","Spiderwort (herb - treat poison stings or bites)","2sp",,"Alchemist","TT","0",,
"857","Tube, Glass","3sp",,"Alchemist","TT","0",,
"858","Tweezers","5sp",,"Alchemist","TT","0",,
"859","Vial, Ceramic","1gp",,"Alchemist","TT","0",,
"860","Vial, Crystal","4gp",,"Alchemist","TT","0",,
"861","Vial, Metal","3gp",,"Alchemist","TT","0",,
"862","Wolfsbane (herb - drives off werewolves)","8sp",,"Alchemist","TT","0",,
"863","Yarrow (herb - can stop bleeding)","4cp",,"Alchemist","TT","0",,
"864","Apple","3cp",,"Baker","TT","0",,
"865","Apricot","4sp",,"Baker","TT","0",,
"866","Beef","9sp",,"Baker","TT","0",,
"867","Berries, Bag","1cp",,"Baker","TT","0",,
"868","Bread","6cp",,"Baker","TT","0",,
"869","Cabbage","3cp",,"Baker","TT","0",,
"870","Carrot","1cp",,"Baker","TT","0",,
"871","Cheese","6sp",,"Baker","TT","0",,
"872","Cherries (8)","1gp",,"Baker","TT","0",,
"873","Cider","4sp",,"Baker","TT","0",,
"874","Eggs, Pickled (cask)","12sp",,"Baker","TT","0",,
"875","Fish","7sp",,"Baker","TT","0",,
"876","Fish, Dry, Salted (barrel)","40gp",,"Baker","TT","0",,
"877","Flour (10 lbs)","4sp",,"Baker","TT","0",,
"878","Lamb","1gp",,"Baker","TT","0",,
"879","Lemon","5sp",,"Baker","TT","0",,
"880","Lettuce","3cp",,"Baker","TT","0",,
"881","Nuts, Bag","2cp",,"Baker","TT","0",,
"882","Onion","2cp",,"Baker","TT","0",,
"883","Orange","5sp",,"Baker","TT","0",,
"884","Peach","4sp",,"Baker","TT","0",,
"885","Pork","5sp",,"Baker","TT","0",,
"886","Pumpkin","4cp",,"Baker","TT","0",,
"887","Rations","2gp",,"Baker","TT","0",,
"888","Strawberries (5)","1gp",,"Baker","TT","0",,
"889","Turnip","2cp",,"Baker","TT","0",,
"890","Bracers","10gp","Complex","Blacksmith","TT","0","Armor-Arms","Hits:2/Str:2"
"891","Bracers","10gp","Simple","Blacksmith","TT","0","Armor-Arms","Hits:2/Str:2"
"892","Elbow gauntlets","40gp","Complex","Blacksmith","TT","0","Armor-Arms","Hits:2/Str:2"
"893","Gauntlets","20gp","Complex","Blacksmith","TT","0","Armor-Arms","Hits:2/Str:2"
"894","Gauntlets","20gp","Simple","Blacksmith","TT","0","Armor-Arms","Hits:2/Str:2"
"895","Mitten gauntlets","30gp","Complex","Blacksmith","TT","0","Armor-Arms","Hits:2/Str:2"
"896","Vambraces","10gp","Complex","Blacksmith","TT","0","Armor-Arms","Hits:2/Str:2"
"897","Banded mail","320gp","Complex","Blacksmith","TT","0","Armor-Full Suit","Hits:13/Str:13"
"898","Banded Mail Armor","320gp","Simple","Blacksmith","TT","0","Armor-Full Suit","Hits:13/Str:13"
"899","Chain Mail Armor","250gp","Simple","Blacksmith","TT","0","Armor-Full Suit","Hits:12/Str:12"
"900","Cuirboille","170gp","Complex","Blacksmith","TT","0","Armor-Full Suit","Hits:7/Str:8"
"901","Heavy plate","1,300gp","Complex","Blacksmith","TT","0","Armor-Full Suit","Hits:20/Str:19"
"902","Heavy Plate Mail Armor","1,300gp","Simple","Blacksmith","TT","0","Armor-Full Suit","Hits:20/Str:19"
"903","Lamellar","200gp","Complex","Blacksmith","TT","0","Armor-Full Suit","Hits:9/Str:13"
"904","Mail","250gp","Complex","Blacksmith","TT","0","Armor-Full Suit","Hits:12/Str:12"
"905","Plate","460gp","Complex","Blacksmith","TT","0","Armor-Full Suit","Hits:18/Str:16"
"906","Plate Mail Armor","460gp","Simple","Blacksmith","TT","0","Armor-Full Suit","Hits:18/Str:16"
"907","Ring Mail Armor","210gp","Simple","Blacksmith","TT","0","Armor-Full Suit","Hits:8/Str:10"
"908","Ring-joined plate","435gp","Complex","Blacksmith","TT","0","Armor-Full Suit","Hits:13/Str:14"
"909","Scale mail","210gp","Complex","Blacksmith","TT","0","Armor-Full Suit","Hits:8/Str:10"
"910","Scale Mail Armor","200gp","Simple","Blacksmith","TT","0","Armor-Full Suit","Hits:9/Str:13"
"911","Splint Mail Armor","435gp","Simple","Blacksmith","TT","0","Armor-Full Suit","Hits:13/Str:14"
"912","Cap, steel","10gp","Complex","Blacksmith","TT","0","Armor-Head","Hits:1/Str:2"
"913","Coif","10gp","Complex","Blacksmith","TT","0","Armor-Head","Hits:2/Str:2"
"914","Coif","10gp","Simple","Blacksmith","TT","0","Armor-Head","Hits:2/Str:2"
"915","Dwarven mask","10gp","Complex","Blacksmith","TT","0","Armor-Head","Hits:1/Str:2"
"916","Full helm","20gp","Complex","Blacksmith","TT","0","Armor-Head","Hits:3/Str:2"
"917","Full Helm","20gp","Simple","Blacksmith","TT","0","Armor-Head","Hits:3/Str:2"
"918","Helm","15gp","Simple","Blacksmith","TT","0","Armor-Head","Hits:2/Str:2"
"919","Open-face helm","15gp","Complex","Blacksmith","TT","0","Armor-Head","Hits:2/Str:2"
"920","Chausses","130gp","Complex","Blacksmith","TT","0","Armor-Legs","Hits:4/Str:3"
"921","Cuisses","30gp","Complex","Blacksmith","TT","0","Armor-Legs","Hits:2/Str:2"
"922","Greaves","20gp","Complex","Blacksmith","TT","0","Armor-Legs","Hits:2/Str:2"
"923","Metal Leggings","130gp","Simple","Blacksmith","TT","0","Armor-Legs","Hits:4/Str:3"
"924","Sollerets","10gp","Complex","Blacksmith","TT","0","Armor-Legs","Hits:2/Str:2"
"925","Buckler","20gp","Simple","Blacksmith","TT","0","Armor-Shield","Hits:2/Str:2"
"926","Buckler","10gp","Complex","Blacksmith","TT","0","Armor-Shield","Hits:3/Str:2"
"927","Dwarven Shield","90gp","Simple","Blacksmith","TT","0","Armor-Shield","Hits:4/Str:10"
"928","Dwarven spike shield (2d6 in combat)","90gp","Complex","Blacksmith","TT","0","Armor-Shield","Hits:4/Str:10"
"929","Great Shield","130gp","Simple","Blacksmith","TT","0","Armor-Shield","Hits:7/Str:14"
"930","Heater","65gp","Complex","Blacksmith","TT","0","Armor-Shield","Hits:5/Str:10"
"931","Heater Shield","65gp","Simple","Blacksmith","TT","0","Armor-Shield","Hits:5/Str:10"
"932","Kite shield","130gp","Complex","Blacksmith","TT","0","Armor-Shield","Hits:6/Str:12"
"933","Kite Shield","130gp","Simple","Blacksmith","TT","0","Armor-Shield","Hits:6/Str:12"
"934","Lantern shield","80gp","Complex","Blacksmith","TT","0","Armor-Shield","Hits:3/Str:4"
"935","Madu (1d6+3 in combat)","15gp","Complex","Blacksmith","TT","0","Armor-Shield","Hits:1/Str:2"
"936","Pavise","130gp","Complex","Blacksmith","TT","0","Armor-Shield","Hits:7/Str:14"
"937","Scutum","60gp","Complex","Blacksmith","TT","0","Armor-Shield","Hits:5/Str:10"
"938","Shield","80gp","Simple","Blacksmith","TT","0","Armor-Shield","Hits:3/Str:4"
"939","Sopok","20gp","Complex","Blacksmith","TT","0","Armor-Shield","Hits:2/Str:2"
"940","Target shield","35gp","Complex","Blacksmith","TT","0","Armor-Shield","Hits:4/Str:10"
"941","Tower shield","100gp","Complex","Blacksmith","TT","0","Armor-Shield","Hits:6/Str:12"
"942","Tower Shield","100gp","Simple","Blacksmith","TT","0","Armor-Shield","Hits:6/Str:12"
"943","Wooden Shield","10gp","Simple","Carpenter","TT","0","Armor-Shield","Hits:3/Str:2"
"944","Arming doublet","40gp","Complex","Blacksmith","TT","0","Armor-Torso","Hits:2/Str:2"
"945","Back plate","110gp","Complex","Blacksmith","TT","0","Armor-Torso","Hits:2/Str:2"
"946","Breast plate","140gp","Complex","Blacksmith","TT","0","Armor-Torso","Hits:3/Str:3"
"947","Chain Mail Chest Piece","150gp","Simple","Blacksmith","TT","0","Armor-Torso","Hits:4/Str:4"
"948","Cuirass","250gp","Complex","Blacksmith","TT","0","Armor-Torso","Hits:5/Str:4"
"949","Haubergeon","150gp","Complex","Blacksmith","TT","0","Armor-Torso","Hits:4/Str:4"
"950","Plate Mail Chest Piece","250gp","Simple","Blacksmith","TT","0","Armor-Torso","Hits:5/Str:4"
"951","Ring Mail Chest Piece","110gp","Simple","Blacksmith","TT","0","Armor-Torso","Hits:2/Str:2"
"952","Scale Mail Chest Piece","140gp","Simple","Blacksmith","TT","0","Armor-Torso","Hits:3/Str:3"
"953","Athame","35gp","Complex","Blacksmith","TT","0","Weapon-Dagger","Dice:2+3/Str:0/Dex:7/na"
"954","Bank","18gp","Complex","Blacksmith","TT","0","Weapon-Dagger","Dice:2+3/Str:1/Dex:1/na"
"955","Battle Dagger","25gp","Simple","Blacksmith","TT","0","Weapon-Dagger","Dice:2/Str:10/Dex:12"
"956","Bich`wa","20gp","Complex","Blacksmith","TT","0","Weapon-Dagger","Dice:2+3/Str:1/Dex:4/23/Range:10"
"957","Butterfly knife","20gp","Complex","Blacksmith","TT","0","Weapon-Dagger","Dice:2+3/Str:3/Dex:14/21/Range:10"
"958","Dagger","10gp","Simple","Blacksmith","TT","0","Weapon-Dagger","Dice:2/Str:1/Dex:3/14/Range:10"
"959","Dirk","18gp","Complex","Blacksmith","TT","0","Weapon-Dagger","Dice:2+1/Str:1/Dex:4/10/Range:10"
"960","Dirk","18gp","Simple","Blacksmith","TT","0","Weapon-Dagger","Dice:2+1/Str:1/Dex:4/10/Range:10"
"961","Elven Dagger","30gp","Simple","Blacksmith","TT","0","Weapon-Dagger","Dice:2+5/Str:6/Dex:6/30/Range:15"
"962","Fang-wing","21gp","Complex","Blacksmith","TT","0","Weapon-Dagger","Dice:2+4/Str:8/Dex:3/12/Range:20"
"963","Haladie","25gp","Complex","Blacksmith","TT","0","Weapon-Dagger","Dice:2+4/Str:2/Dex:4/na"
"964","Hungamunga","15gp","Complex","Blacksmith","TT","0","Weapon-Dagger","Dice:2+1/Str:7/Dex:6/12/Range:10"
"965","Ice pick","3gp","Complex","Blacksmith","TT","0","Weapon-Dagger","Dice:1+2/Str:1/Dex:1/7/Range:5"
"966","Jambiya","21gp","Complex","Blacksmith","TT","0","Weapon-Dagger","Dice:2+2/Str:2/Dex:8/25/Range:10"
"967","Katar","18gp","Complex","Blacksmith","TT","0","Weapon-Dagger","Dice:2+4/Str:2/Dex:8/na"
"968","Knife","3gp","Simple","Blacksmith","TT","0","Weapon-Dagger","Dice:1+2/Str:1/Dex:1/7/Range:5"
"969","Kris","120gp","Complex","Blacksmith","TT","0","Weapon-Dagger","Dice:2+3/Str:8/Dex:5/20/Range:10"
"970","Kris","120gp","Simple","Blacksmith","TT","0","Weapon-Dagger","Dice:2+3/Str:8/Dex:5/20/Range:10"
"971","Kukri","30gp","Complex","Blacksmith","TT","0","Weapon-Dagger","Dice:2+5/Str:6/Dex:6/30/Range:15"
"972","Large Dagger","20gp","Simple","Blacksmith","TT","0","Weapon-Dagger","Dice:2+3/Str:1/Dex:23/23/Range:10"
"973","Long Dagger","14gp","Simple","Blacksmith","TT","0","Weapon-Dagger","Dice:2+1/Str:1/Dex:2/15/Range:10"
"974","Main gauche","25gp","Complex","Blacksmith","TT","0","Weapon-Dagger","Dice:2/Str:10/Dex:12/na"
"975","Misericorde","14gp","Complex","Blacksmith","TT","0","Weapon-Dagger","Dice:2+1/Str:1/Dex:2/15/Range:10"
"976","Orkish Dagger","21gp","Simple","Blacksmith","TT","0","Weapon-Dagger","Dice:2+2/Str:2/Dex:8/25/Range:10"
"977","Poniard","10gp","Complex","Blacksmith","TT","0","Weapon-Dagger","Dice:2/Str:1/Dex:3/14/Range:10"
"978","Sacrificial Knife","35gp","Simple","Blacksmith","TT","0","Weapon-Dagger","Dice:2+3/Str:0/Dex:7"
"979","Sax","30gp","Complex","Blacksmith","TT","0","Weapon-Dagger","Dice:2+5/Str:7/Dex:10/na"
"980","Stiletto","5gp","Complex","Blacksmith","TT","0","Weapon-Dagger","Dice:2+-2/Str:1/Dex:1/8/Range:5"
"981","Stiletto","5gp","Simple","Blacksmith","TT","0","Weapon-Dagger","Dice:2+-2/Str:1/Dex:1/8/Range:5"
"982","Swordbreaker","15gp","Complex","Blacksmith","TT","0","Weapon-Dagger","Dice:2/Str:10/Dex:12/na"
"983","Throwing Knife","15gp","Simple","Blacksmith","TT","0","Weapon-Dagger","Dice:2+1/Str:7/Dex:6/12/Range:10"
"984","Adze","5gp","Complex","Blacksmith","TT","0","Weapon-Hafted","Dice:3/Str:9/Dex:5"
"985","Axe","20gp","Simple","Blacksmith","TT","0","Weapon-Hafted","Dice:3/Str:8/Dex:4"
"986","Axe, broad","100gp","Complex","Blacksmith","TT","0","Weapon-Hafted","Dice:4/Str:17/Dex:8"
"987","Axe, double-bladed broad","140gp","Complex","Blacksmith","TT","0","Weapon-Hafted","Dice:6+3/Str:21/Dex:10/Hands:2"
"988","Axe, dwarven war","180gp","Complex","Blacksmith","TT","0","Weapon-Hafted","Dice:6+2/Str:25/Dex:8/Hands:2"
"989","Axe, elephant","110gp","Complex","Blacksmith","TT","0","Weapon-Hafted","Dice:5+1/Str:18/Dex:11/Hands:2"
"990","Axe, great","110gp","Complex","Blacksmith","TT","0","Weapon-Hafted","Dice:5+3/Str:20/Dex:10/Hands:2"
"991","Axe, headsman`s","130gp","Complex","Blacksmith","TT","0","Weapon-Hafted","Dice:4+4/Str:14/Dex:11/Hands:2"
"992","Axe, taper","20gp","Complex","Blacksmith","TT","0","Weapon-Hafted","Dice:3/Str:8/Dex:4"
"993","Axe, throwing","70gp","Complex","Blacksmith","TT","0","Weapon-Hafted","Dice:3+2/Str:9/Dex:12"
"994","Axe, thrusting","70gp","Complex","Blacksmith","TT","0","Weapon-Hafted","Dice:4+1/Str:15/Dex:8"
"995","Axe, uruk war","160gp","Complex","Blacksmith","TT","0","Weapon-Hafted","Dice:6+1/Str:23/Dex:12/Hands:2"
"996","Axe, woodsman`s","7gp","Complex","Blacksmith","TT","0","Weapon-Hafted","Dice:3/Str:10/Dex:9/Hands:2"
"997","Baton (weighted stick)","6gp","Complex","Blacksmith","TT","0","Weapon-Hafted","Dice:2/Str:3/Dex:2"
"998","Battle Axe","140gp","Simple","Blacksmith","TT","0","Weapon-Hafted","Dice:6+3/Str:21/Dex:10/Hands:2"
"999","Battle Hammer","95gp","Simple","Blacksmith","TT","0","Weapon-Hafted","Dice:5+2/Str:18/Dex:8/Hands:2"
"1000","Bludgeon (club)","15gp","Complex","Blacksmith","TT","0","Weapon-Hafted","Dice:3/Str:5/Dex:3"
"1001","Broad Axe","100gp","Simple","Blacksmith","TT","0","Weapon-Hafted","Dice:4/Str:17/Dex:8"
"1002","Bullova","100gp","Complex","Blacksmith","TT","0","Weapon-Hafted","Dice:4+3/Str:16/Dex:9/Hands:2"
"1003","Cleaver","5gp","Complex","Blacksmith","TT","0","Weapon-Hafted","Dice:3+1/Str:8/Dex:3"
"1004","Cleaver","5gp","Simple","Blacksmith","TT","0","Weapon-Hafted","Dice:3+1/Str:8/Dex:3"
"1005","Club","15gp","Simple","Blacksmith","TT","0","Weapon-Hafted","Dice:3/Str:5/Dex:3"
"1006","Crowbar (5`)","12gp","Complex","Blacksmith","TT","0","Weapon-Hafted","Dice:3+3/Str:12/Dex:4/Hands:2"
"1007","Crowbar","12gp","Simple","Blacksmith","TT","0","Weapon-Hafted","Dice:3+3/Str:12/Dex:4/Hands:2"
"1008","Dagger mace","100gp","Complex","Blacksmith","TT","0","Weapon-Hafted","Dice:3+4/Str:15/Dex:7"
"1009","Dagger Mace","100gp","Simple","Blacksmith","TT","0","Weapon-Hafted","Dice:3+4/Str:15/Dex:7"
"1010","Dwarven Warhammer","100gp","Simple","Blacksmith","TT","0","Weapon-Hafted","Dice:6+1/Str:19/Dex:6/Hands:2"
"1011","Executioner Axe","130gp","Simple","Blacksmith","TT","0","Weapon-Hafted","Dice:4+4/Str:14/Dex:11/Hands:2"
"1012","Flail, heavy","55gp","Complex","Blacksmith","TT","0","Weapon-Hafted","Dice:4+4/Str:20/Dex:15"
"1013","Flail, light","100gp","Complex","Blacksmith","TT","0","Weapon-Hafted","Dice:3+4/Str:19/Dex:13"
"1014","Great Axe","110gp","Simple","Blacksmith","TT","0","Weapon-Hafted","Dice:5+3/Str:20/Dex:10/Hands:2"
"1015","Hammer, centaur`s","95gp","Complex","Blacksmith","TT","0","Weapon-Hafted","Dice:5+2/Str:18/Dex:8/Hands:2"
"1016","Hammer, piton","4gp","Complex","Blacksmith","TT","0","Weapon-Hafted","Dice:1/Str:5/Dex:5"
"1017","Hammer, war","85gp","Complex","Blacksmith","TT","0","Weapon-Hafted","Dice:5+1/Str:16/Dex:3"
"1018","Hatchet","8gp","Complex","Blacksmith","TT","0","Weapon-Hafted","Dice:2+3/Str:6/Dex:6"
"1019","Hatchet","8gp","Simple","Blacksmith","TT","0","Weapon-Hafted","Dice:2+3/Str:6/Dex:6"
"1020","Heave Mace","150gp","Simple","Blacksmith","TT","0","Weapon-Hafted","Dice:6+4/Str:18/Dex:4/Hands:2"
"1021","Heavy Flail","55gp","Simple","Blacksmith","TT","0","Weapon-Hafted","Dice:4+4/Str:20/Dex:15"
"1022","Holy water sprinkler","80gp","Complex","Blacksmith","TT","0","Weapon-Hafted","Dice:5+1/Str:18/Dex:13"
"1023","Light Flail","100gp","Simple","Blacksmith","TT","0","Weapon-Hafted","Dice:3+4/Str:19/Dex:13"
"1024","Mace","120gp","Simple","Blacksmith","TT","0","Weapon-Hafted","Dice:5+2/Str:17/Dex:3/Hands:2"
"1025","Mace, flanged","150gp","Complex","Blacksmith","TT","0","Weapon-Hafted","Dice:6+4/Str:18/Dex:4/Hands:2"
"1026","Mace, heavy","120gp","Complex","Blacksmith","TT","0","Weapon-Hafted","Dice:5+2/Str:17/Dex:3/Hands:2"
"1027","Mattock","6gp","Complex","Blacksmith","TT","0","Weapon-Hafted","Dice:3+2/Str:10/Dex:5/Hands:2"
"1028","Maul","100gp","Complex","Blacksmith","TT","0","Weapon-Hafted","Dice:6+1/Str:19/Dex:6/Hands:2"
"1029","Mitre","50gp","Complex","Blacksmith","TT","0","Weapon-Hafted","Dice:3/Str:8/Dex:3"
"1030","Morningstar","140gp","Complex","Blacksmith","TT","0","Weapon-Hafted","Dice:5/Str:17/Dex:11"
"1031","Morningstar","140gp","Simple","Blacksmith","TT","0","Weapon-Hafted","Dice:5/Str:17/Dex:11"
"1032","Orkish War Axe","160gp","Simple","Blacksmith","TT","0","Weapon-Hafted","Dice:6+1/Str:23/Dex:12/Hands:2"
"1033","Pacifier","18gp","Complex","Blacksmith","TT","0","Weapon-Hafted","Dice:3+2/Str:6/Dex:5"
"1034","Pickaxe","15gp","Complex","Blacksmith","TT","0","Weapon-Hafted","Dice:3/Str:15/Dex:10"
"1035","Pickaxe","15gp","Simple","Blacksmith","TT","0","Weapon-Hafted","Dice:3/Str:15/Dex:10"
"1036","Prybar","5gp","Complex","Blacksmith","TT","0","Weapon-Hafted","Dice:2/Str:10/Dex:5"
"1037","Ravenbeak","125gp","Complex","Blacksmith","TT","0","Weapon-Hafted","Dice:6/Str:18/Dex:10/Hands:2"
"1038","Sickle (3`)","110gp","Complex","Blacksmith","TT","0","Weapon-Hafted","Dice:4+1/Str:11/Dex:7"
"1039","Sickle","110gp","Simple","Blacksmith","TT","0","Weapon-Hafted","Dice:4+1/Str:11/Dex:7"
"1040","Sledgehammer","90gp","Complex","Blacksmith","TT","0","Weapon-Hafted","Dice:4/Str:15/Dex:6/Hands:2"
"1041","Sledgehammer","90gp","Simple","Blacksmith","TT","0","Weapon-Hafted","Dice:4/Str:15/Dex:6/Hands:2"
"1042","Spiked Club","18gp","Simple","Blacksmith","TT","0","Weapon-Hafted","Dice:3+2/Str:6/Dex:5"
"1043","Spiked Warhammer","125gp","Simple","Blacksmith","TT","0","Weapon-Hafted","Dice:6/Str:18/Dex:10/Hands:2"
"1044","Throwing Axe","70gp","Simple","Blacksmith","TT","0","Weapon-Hafted","Dice:3+2/Str:9/Dex:12"
"1045","Truncheon","7gp","Complex","Blacksmith","TT","0","Weapon-Hafted","Dice:2+2/Str:8/Dex:2"
"1046","War Axe","180gp","Simple","Blacksmith","TT","0","Weapon-Hafted","Dice:6+2/Str:25/Dex:8/Hands:2"
"1047","Warhammer","85gp","Simple","Blacksmith","TT","0","Weapon-Hafted","Dice:5+1/Str:16/Dex:3"
"1048","Woodsman Axe","7gp","Simple","Blacksmith","TT","0","Weapon-Hafted","Dice:3/Str:10/Dex:9/Hands:2"
"1049","Zaghnal","85gp","Complex","Blacksmith","TT","0","Weapon-Hafted","Dice:3+4/Str:10/Dex:8"
"1050","Brass Knuckles","20gp","Simple","Blacksmith","TT","0","Weapon-Hands","Dice:2/Str:2/Dex:3/Hands:2"
"1051","Tiger Claws","30gp","Simple","Blacksmith","TT","0","Weapon-Hands","Dice:1/Str:2/Dex:10"
"1052","Bardiche (9`)","200gp","Complex","Blacksmith","TT","0","Weapon-Polearm","Dice:6+2/Str:15/Dex:12/Hands:2"
"1053","Bardiche","200gp","Simple","Blacksmith","TT","0","Weapon-Polearm","Dice:6+2/Str:15/Dex:12/Hands:2"
"1054","Billhook (11`)","120gp","Complex","Blacksmith","TT","0","Weapon-Polearm","Dice:4/Str:14/Dex:8/Hands:2"
"1055","Brandestock (6`)","200gp","Complex","Blacksmith","TT","0","Weapon-Polearm","Dice:3+1/Str:17/Dex:10/Hands:2"
"1056","Chauves souris (12`)","250gp","Complex","Blacksmith","TT","0","Weapon-Polearm","Dice:6+5/Str:15/Dex:12/Hands:2"
"1057","Demi-lune (halfmoon) (12`)","100gp","Complex","Blacksmith","TT","0","Weapon-Polearm","Dice:5+4/Str:12/Dex:20/Hands:2"
"1058","Extended brandestock (9`)","280gp","Complex","Blacksmith","TT","0","Weapon-Polearm","Dice:4/Str:19/Dex:12/Hands:2"
"1059","Falx-arr (7`)","80gp","Complex","Blacksmith","TT","0","Weapon-Polearm","Dice:5+2/Str:14/Dex:16/Hands:2"
"1060","Fauchard (12`)","160gp","Complex","Blacksmith","TT","0","Weapon-Polearm","Dice:5/Str:13/Dex:10/Hands:2"
"1061","Guisarme (9`)","135gp","Complex","Blacksmith","TT","0","Weapon-Polearm","Dice:4+4/Str:14/Dex:10/Hands:2"
"1062","Halbard (10`)","200gp","Complex","Blacksmith","TT","0","Weapon-Polearm","Dice:6/Str:16/Dex:12/Hands:2"
"1063","Halberd","200gp","Simple","Blacksmith","TT","0","Weapon-Polearm","Dice:6/Str:16/Dex:12/Hands:2"
"1064","Half-halbard (5`)","110gp","Complex","Blacksmith","TT","0","Weapon-Polearm","Dice:4+1/Str:13/Dex:9/Hands:2"
"1065","Kumade (rake) (5`)","75gp","Complex","Blacksmith","TT","0","Weapon-Polearm","Dice:3+3/Str:10/Dex:12/Hands:2"
"1066","Partisan (8`)","140gp","Complex","Blacksmith","TT","0","Weapon-Polearm","Dice:4+5/Str:15/Dex:9/Hands:2"
"1067","Pike (12`)","160gp","Complex","Blacksmith","TT","0","Weapon-Polearm","Dice:6/Str:15/Dex:12/Hands:2"
"1068","Pike","160gp","Simple","Blacksmith","TT","0","Weapon-Polearm","Dice:6/Str:15/Dex:12/Hands:2"
"1069","Pitchfork (6`)","20gp","Complex","Blacksmith","TT","0","Weapon-Polearm","Dice:3+2/Str:10/Dex:7/Hands:2"
"1070","Pitchfork","20gp","Simple","Blacksmith","TT","0","Weapon-Polearm","Dice:3+2/Str:10/Dex:7/Hands:2"
"1071","Pole Axe","210gp","Simple","Blacksmith","TT","0","Weapon-Polearm","Dice:7/Str:14/Dex:13/Hands:2"
"1072","Pole Cleaver","160gp","Simple","Blacksmith","TT","0","Weapon-Polearm","Dice:5+3/Str:15/Dex:9/Hands:2"
"1073","Poleaxe (10`)","210gp","Complex","Blacksmith","TT","0","Weapon-Polearm","Dice:7/Str:14/Dex:13/Hands:2"
"1074","Ranseur (runka) (12`)","170gp","Complex","Blacksmith","TT","0","Weapon-Polearm","Dice:6+4/Str:15/Dex:10/Hands:2"
"1075","Scythe (long) (6`)","80gp","Complex","Blacksmith","TT","0","Weapon-Polearm","Dice:4+2/Str:11/Dex:7/Hands:2"
"1076","Scythe","80gp","Simple","Blacksmith","TT","0","Weapon-Polearm","Dice:4+3/Str:11/Dex:7/Hands:2"
"1077","Short Halberd","110gp","Simple","Blacksmith","TT","0","Weapon-Polearm","Dice:4+1/Str:13/Dex:9/Hands:2"
"1078","Voulge (10`)","160gp","Complex","Blacksmith","TT","0","Weapon-Polearm","Dice:5+1/Str:15/Dex:9/Hands:2"
"1079","Assegai (6`)","20gp","Complex","Blacksmith","TT","0","Weapon-Spear","Dice:2+3/Str:7/Dex:12/Range:10"
"1080","Atl-atl (gives javelins +20 range and +2d6)","5gp","Complex","Blacksmith","TT","0","Weapon-Spear","Str:8/Dex:10/Range:+20"
"1081","Boar spear (5`)","90gp","Complex","Blacksmith","TT","0","Weapon-Spear","Dice:4+2/Str:13/Dex:8/Hands:2"
"1082","Common spear (6`)","15gp","Complex","Blacksmith","TT","0","Weapon-Spear","Dice:3+1/Str:8/Dex:8/Range:15"
"1083","Footman`s lance (8`)","40gp","Complex","Blacksmith","TT","0","Weapon-Spear","Dice:4/Str:10/Dex:10/Hands:2"
"1084","Forkspear (7`)","110gp","Complex","Blacksmith","TT","0","Weapon-Spear","Dice:5+2/Str:14/Dex:12/Hands:2"
"1085","Forkspear","110gp","Simple","Blacksmith","TT","0","Weapon-Spear","Dice:5+2/Str:14/Dex:12/Hands:2"
"1086","Harpoon (5`)","80gp","Complex","Blacksmith","TT","0","Weapon-Spear","Dice:4+3/Str:14/Dex:12/Range:30"
"1087","Harpoon","80gp","Simple","Blacksmith","TT","0","Weapon-Spear","Dice:4+3/Str:14/Dex:12/Range:30"
"1088","Hoko (6`)","55gp","Complex","Blacksmith","TT","0","Weapon-Spear","Dice:4+1/Str:10/Dex:12/Range:10"
"1089","Javelin (6`)","10gp","Complex","Blacksmith","TT","0","Weapon-Spear","Dice:2/Str:5/Dex:7/Range:10"
"1090","Javelin","10gp","Simple","Blacksmith","TT","0","Weapon-Spear","Dice:2/Str:5/Dex:7/Range:10"
"1091","Lance (12`) (10d6 when mounted)","60gp","Complex","Blacksmith","TT","0","Weapon-Spear","Dice:5/Str:25/16/Dex:22/10/Hands:2/Range:10"
"1092","Lance","60gp","Simple","Blacksmith","TT","0","Weapon-Spear","Dice:5/Str:20/Dex:18/Hands:2/Range:10"
"1093","Long spear (8`)","40gp","Complex","Blacksmith","TT","0","Weapon-Spear","Dice:5/Str:12/Dex:10/Hands:2/Range:10"
"1094","Long Spear","40gp","Simple","Blacksmith","TT","0","Weapon-Spear","Dice:5/Str:12/Dex:10/Hands:2/Range:10"
"1095","Oxtongue (also 1 hit shield) (6`)","80gp","Complex","Blacksmith","TT","0","Weapon-Spear","Dice:4/Str:10/Dex:5/Range:10"
"1096","Pilum (5`-8`)","40gp","Complex","Blacksmith","TT","0","Weapon-Spear","Dice:5/Str:12/Dex:8/Range:20"
"1097","Shield-spear (4`)","35gp","Complex","Blacksmith","TT","0","Weapon-Spear","Dice:3+2/Str:7/Dex:9"
"1098","Short Spear","20gp","Simple","Blacksmith","TT","0","Weapon-Spear","Dice:2+3/Str:7/Dex:12/Range:10"
"1099","Spear","15gp","Simple","Blacksmith","TT","0","Weapon-Spear","Dice:3+3/Str:8/Dex:8/Range:15"
"1100","Spontoon (8`)","30gp","Complex","Blacksmith","TT","0","Weapon-Spear","Dice:3+3/Str:9/Dex:9/Range:10"
"1101","Stabguard (5`)","27gp","Complex","Blacksmith","TT","0","Weapon-Spear","Dice:2+2/Str:5/Dex:11"
"1102","Stinger (4`)","15gp","Complex","Blacksmith","TT","0","Weapon-Spear","Dice:3/Str:6/Dex:8/Range:20"
"1103","Trident (6`)","60gp","Complex","Blacksmith","TT","0","Weapon-Spear","Dice:4+3/Str:10/Dex:10/Range:5"
"1104","Trident","60gp","Simple","Blacksmith","TT","0","Weapon-Spear","Dice:4+3/Str:10/Dex:10/Range:5"
"1105","War Spear","90gp","Simple","Blacksmith","TT","0","Weapon-Spear","Dice:4+2/Str:13/Dex:8/Hands:2"
"1106","Bastard Sword","375gp","Simple","Blacksmith","TT","0","Weapon-Sword","Dice:7+1/Str:21/Dex:18/Hands:2"
"1107","Black eagle blade (3 1/2`)","300gp","Complex","Blacksmith","TT","0","Weapon-Sword","Dice:3+5/Str:15/Dex:13"
"1108","Bonesplitter (6`)","360gp","Complex","Blacksmith","TT","0","Weapon-Sword","Dice:7+3/Str:25/Dex:15/Hands:2"
"1109","Broadsword (3`-4`)","140gp","Complex","Blacksmith","TT","0","Weapon-Sword","Dice:3+4/Str:15/Dex:10"
"1110","Broadsword","140gp","Simple","Blacksmith","TT","0","Weapon-Sword","Dice:3+4/Str:15/Dex:10"
"1111","Cross thrust sword (5`)","200gp","Complex","Blacksmith","TT","0","Weapon-Sword","Dice:5+1/Str:17/Dex:16"
"1112","Cutlass (3`)","100gp","Complex","Blacksmith","TT","0","Weapon-Sword","Dice:3+3/Str:8/Dex:11"
"1113","Cutlass","100gp","Simple","Blacksmith","TT","0","Weapon-Sword","Dice:3+3/Str:8/Dex:11"
"1114","Elven Long Sword","240gp","Simple","Blacksmith","TT","0","Weapon-Sword","Dice:6/Str:21/Dex:18/Hands:2"
"1115","Epee (3`-5`)","75gp","Complex","Blacksmith","TT","0","Weapon-Sword","Dice:3+2/Str:9/Dex:15"
"1116","Estok","80gp","Complex","Blacksmith","TT","0","Weapon-Sword","Dice:3/Str:12/Dex:10"
"1117","Falchion (4`)","150gp","Complex","Blacksmith","TT","0","Weapon-Sword","Dice:4+4/Str:12/Dex:13"
"1118","Fencing Sword","25gp","Simple","Blacksmith","TT","0","Weapon-Sword","Dice:2+1/Str:7/Dex:14"
"1119","Fish Spine sword (4`)","270gp","Complex","Blacksmith","TT","0","Weapon-Sword","Dice:4+3/Str:12/Dex:13"
"1120","Flamberge (6`)","375gp","Complex","Blacksmith","TT","0","Weapon-Sword","Dice:7+1/Str:21/Dex:18/Hands:2"
"1121","Foil (3`-4`)","25gp","Complex","Blacksmith","TT","0","Weapon-Sword","Dice:2+1/Str:7/Dex:14"
"1122","Gladius (2 1/2`-3`)","50gp","Complex","Blacksmith","TT","0","Weapon-Sword","Dice:3+2/Str:10/Dex:7"
"1123","Grand shamsheer (no-datchi) (6`)","400gp","Complex","Blacksmith","TT","0","Weapon-Sword","Dice:7+2/Str:22/Dex:18/Hands:2"
"1124","Great shamsheer (4 1/2`-5`)","180gp","Complex","Blacksmith","TT","0","Weapon-Sword","Dice:5/Str:15/Dex:15/Hands:2"
"1125","Great sword (6`)","240gp","Complex","Blacksmith","TT","0","Weapon-Sword","Dice:6/Str:21/Dex:18/Hands:2"
"1126","Great Sword","400gp","Simple","Blacksmith","TT","0","Weapon-Sword","Dice:7+2/Str:22/Dex:18/Hands:2"
"1127","Hand-and-a-half sword (4`)","150gp","Complex","Blacksmith","TT","0","Weapon-Sword","Dice:5/Str:16/Dex:12"
"1128","Long Sword","220gp","Simple","Blacksmith","TT","0","Weapon-Sword","Dice:5+2/Str:17/Dex:14/Hands:2"
"1129","Manople (2`-3`)","85gp","Complex","Blacksmith","TT","0","Weapon-Sword","Dice:2+2/Str:10/Dex:10"
"1130","Orkish Scimitar","200gp","Simple","Blacksmith","TT","0","Weapon-Sword","Dice:4+4/Str:14/Dex:12"
"1131","Pata (long katar) (3`-4`)","200gp","Complex","Blacksmith","TT","0","Weapon-Sword","Dice:4/Str:14/Dex:14"
"1132","Punch sword (2 1/2`)","40gp","Complex","Blacksmith","TT","0","Weapon-Sword","Dice:3+2/Str:11/Dex:8"
"1133","Rapier (3`-5`)","160gp","Complex","Blacksmith","TT","0","Weapon-Sword","Dice:3+4/Str:10/Dex:14"
"1134","Rapier","160gp","Simple","Blacksmith","TT","0","Weapon-Sword","Dice:3+4/Str:10/Dex:14"
"1135","Saber","110gp","Simple","Blacksmith","TT","0","Weapon-Sword","Dice:3+5/Str:9/Dex:10"
"1136","Sabre (3`)","110gp","Complex","Blacksmith","TT","0","Weapon-Sword","Dice:3+4/Str:9/Dex:10"
"1137","Scimitar (3`)","120gp","Complex","Blacksmith","TT","0","Weapon-Sword","Dice:4/Str:10/Dex:11"
"1138","Scimitar","120gp","Simple","Blacksmith","TT","0","Weapon-Sword","Dice:4/Str:10/Dex:11"
"1139","Short Saber","40gp","Simple","Blacksmith","TT","0","Weapon-Sword","Dice:3+1/Str:7/Dex:5"
"1140","Short sabre (2`-2 1/2`)","40gp","Complex","Blacksmith","TT","0","Weapon-Sword","Dice:3+1/Str:7/Dex:5"
"1141","Short sword (2`-2 1/2`)","35gp","Complex","Blacksmith","TT","0","Weapon-Sword","Dice:3/Str:7/Dex:3"
"1142","Short Sword","35gp","Simple","Blacksmith","TT","0","Weapon-Sword","Dice:3/Str:7/Dex:3"
"1143","Shotel (3`-4`)","95gp","Complex","Blacksmith","TT","0","Weapon-Sword","Dice:3+3/Str:10/Dex:17"
"1144","Swamp blade","200gp","Complex","Blacksmith","TT","0","Weapon-Sword","Dice:3+4/Str:8/Dex:10"
"1145","Sword Cane (2`-3`)","100gp","Complex","Blacksmith","TT","0","Weapon-Sword","Dice:3/Str:10/Dex:12"
"1146","Terbutje","65gp","Complex","Blacksmith","TT","0","Weapon-Sword","Dice:3+5/Str:6/Dex:10"
"1147","Two-handed broadsword (5`)","220gp","Complex","Blacksmith","TT","0","Weapon-Sword","Dice:5+2/Str:17/Dex:14/Hands:2"
"1148","Two-Handed Sword","360gp","Simple","Blacksmith","TT","0","Weapon-Sword","Dice:7+3/Str:25/Dex:15/Hands:2"
"1149","Urukish scimitar (4 1/2`)","200gp","Complex","Blacksmith","TT","0","Weapon-Sword","Dice:4+4/Str:14/Dex:12"
"1150","Large Caltrops","30gp","Simple","Blacksmith","TT","0","Weapon-Thrown","Dice:2/Str:0"
"1151","Small Caltrops","20gp","Simple","Blacksmith","TT","0","Weapon-Thrown","Dice:1/Str:0"
"1152","Ankus","27gp","Complex","Blacksmith","TT","0","Weapon-Unusual","Dice:2+1/Str:5/Dex:11"
"1153","Bagh nakh (tiger claws) (each)","30gp","Complex","Blacksmith","TT","0","Weapon-Unusual","Dice:1/Str:2/Dex:10"
"1154","Brass knuckles (pair)","20gp","Complex","Blacksmith","TT","0","Weapon-Unusual","Dice:2/Str:2/Dex:3/Hands:2"
"1155","Caltrops, large (10)","30gp","Complex","Blacksmith","TT","0","Weapon-Unusual","Dice:2/Str:0/Dex:0"
"1156","Caltrops, small (50)","20gp","Complex","Blacksmith","TT","0","Weapon-Unusual","Dice:1/Str:0/Dex:0"
"1157","Gaff","5gp","Complex","Blacksmith","TT","0","Weapon-Unusual","Dice:2/Str:5/Dex:3"
"1158","War shovel","5gp","Complex","Blacksmith","TT","0","Weapon-Unusual","Dice:3+1/Str:5/Dex:3"
"1159","Box, Iron, Large","28gp",,"Blacksmith","TT","0",,
"1160","Box, Iron, Small","9gp",,"Blacksmith","TT","0",,
"1161","Bucket, Iron","8sp",,"Blacksmith","TT","0",,
"1162","Arrow (24)","40gp","Simple","Bowyer","TT","0","Weapon-Bow",
"1163","Bow","175gp","Simple","Bowyer","TT","0","Weapon-Bow","Dice:5+3/Str:20/Dex:16/Hands:2/Range:150"
"1164","Elven Long Bow","500gp","Simple","Bowyer","TT","0","Weapon-Bow","Dice:6+5/Str:15/Dex:18/Hands:2/Range:220"
"1165","Long Bow","250gp","Simple","Bowyer","TT","0","Weapon-Bow","Dice:6+3/Str:25/Dex:17/Hands:2/Range:160"
"1166","Short Bow","100gp","Simple","Bowyer","TT","0","Weapon-Bow","Dice:4+3/Str:15/Dex:15/Hands:2/Range:140"
"1167","Arbalest","400gp","Complex","Bowyer","TT","0","Weapon-Crossbow","Dice:6+3/Str:17/Dex:10/Hands:2/Range:100"
"1168","Bolt (10)","5gp","Simple","Bowyer","TT","0","Weapon-Crossbow",
"1169","Cranequin","600gp","Complex","Bowyer","TT","0","Weapon-Crossbow","Dice:8/Str:15/Dex:10/Hands:2/Range:100"
"1170","Crossbow","250gp","Complex","Bowyer","TT","0","Weapon-Crossbow","Dice:5/Str:15/Dex:10/Hands:2/Range:100"
"1171","Crossbow","250gp","Simple","Bowyer","TT","0","Weapon-Crossbow","Dice:5/Str:15/Dex:10/Hands:2/Range:100"
"1172","Hand Crossbow","150gp","Simple","Bowyer","TT","0","Weapon-Crossbow","Dice:3/Str:8/Dex:12/Range:40"
"1173","Hand crossbow","150gp","Complex","Bowyer","TT","0","Weapon-Crossbow","Dice:3+-1/Str:8/Dex:12/Range:40"
"1174","Heavy Crossbow","400gp","Simple","Bowyer","TT","0","Weapon-Crossbow","Dice:6+3/Str:17/Dex:10/Hands:2/Range:100"
"1175","Light crossbow","170gp","Complex","Bowyer","TT","0","Weapon-Crossbow","Dice:4/Str:12/Dex:10/Hands:2/Range:90"
"1176","Light Crossbow","170gp","Simple","Bowyer","TT","0","Weapon-Crossbow","Dice:4/Str:12/Dex:10/Hands:2/Range:90"
"1177","Over-and-under","300gp","Complex","Bowyer","TT","0","Weapon-Crossbow","Dice:4/Str:15/Dex:16/Hands:2/Range:75"
"1178","Prodd","200gp","Complex","Bowyer","TT","0","Weapon-Crossbow","Dice:3/Str:16/Dex:10/Hands:2/Range:30"
"1179","Quarrels (10)","5gp","Complex","Bowyer","TT","0","Weapon-Crossbow",
"1180","War Crossbow","600gp","Simple","Bowyer","TT","0","Weapon-Crossbow","Dice:8/Str:15/Dex:10/Hands:2/Range:100"
"1181","Elven longbow (elves only)","500gp","Complex","Bowyer","TT","0","Weapon-Longbow","Dice:6+5/Str:15/Dex:18/Hands:2/Range:220"
"1182","Extra-heavy Longbow (100 lbs +)","250gp","Complex","Bowyer","TT","0","Weapon-Longbow","Dice:6+3/Str:25/Dex:17/Hands:2/Range:160"
"1183","Heavy Longbow (76-100 lbs)","175gp","Complex","Bowyer","TT","0","Weapon-Longbow","Dice:5+3/Str:20/Dex:16/Hands:2/Range:150"
"1184","Medium Longbow (50-75 lbs)","100gp","Complex","Bowyer","TT","0","Weapon-Longbow","Dice:4+3/Str:15/Dex:15/Hands:2/Range:140"
"1185","Sheaf of arrows (24)","40gp","Complex","Bowyer","TT","0","Weapon-Longbow",
"1186","Blowpipe","10gp","Complex","Bowyer","TT","0","Weapon-Ranged","Adds:1/Str:1/Dex:1/Range:35"
"1187","Blowpipe","10gp","Simple","Bowyer","TT","0","Weapon-Ranged","Dice:0+1/Str:1/Dex:1/Range:35"
"1188","Boomerang (returns if misses if 15+ DEX)","50gp","Complex","Bowyer","TT","0","Weapon-Ranged","Dice:2+3/Str:11/Dex:11/Range:60"
"1189","Boomerang","50gp","Simple","Bowyer","TT","0","Weapon-Ranged","Dice:2+3/Str:11/Dex:11/Range:60"
"1190","Branch knife","180gp","Complex","Bowyer","TT","0","Weapon-Ranged","Dice:4/Str:8/Dex:15/Range:30"
"1191","Chakram (5)","40gp","Complex","Bowyer","TT","0","Weapon-Ranged","Dice:2/Str:4/Dex:14/Range:30"
"1192","Darts (30)","5gp","Complex","Bowyer","TT","0","Weapon-Ranged",
"1193","Darts (30)","5gp","Simple","Bowyer","TT","0","Weapon-Ranged",
"1194","Hunting bola","35gp","Complex","Bowyer","TT","0","Weapon-Ranged","Str:5/Dex:8/Range:30"
"1195","Porcupine spines (3)","10gp","Complex","Bowyer","TT","0","Weapon-Ranged","Dice:3/Str:4/Dex:9/Range:10"
"1196","Pouch of 100 stones","3gp","Complex","Bowyer","TT","0","Weapon-Ranged",
"1197","Sling, common","5gp","Complex","Bowyer","TT","0","Weapon-Ranged","Dice:2/Str:5/Dex:10/Range:50"
"1198","Sling, staff","10gp","Complex","Bowyer","TT","0","Weapon-Ranged","Dice:3/Str:8/Dex:12/Hands:2/Range:100"
"1199","Spiked throwing stick","5gp","Complex","Bowyer","TT","0","Weapon-Ranged","Dice:2+1/Str:6/Dex:9/Range:10"
"1200","Throwing stars (3)","30gp","Complex","Bowyer","TT","0","Weapon-Ranged","Dice:4/Str:2/Dex:10/Range:10"
"1201","War bola","100gp","Complex","Bowyer","TT","0","Weapon-Ranged","Dice:2/Str:7/Dex:8/Range:30"
"1202","Extra-heavy Self Bow (100 lbs +)","200gp","Complex","Bowyer","TT","0","Weapon-Self Bow","Dice:6/Str:25/Dex:17/Hands:2/Range:100"
"1203","Fish bow","60gp","Complex","Bowyer","TT","0","Weapon-Self Bow","Dice:2/Str:8/Dex:17/Hands:2/Range:20"
"1204","Heavy Self Bow (76-100 lbs)","135gp","Complex","Bowyer","TT","0","Weapon-Self Bow","Dice:5/Str:20/Dex:16/Hands:2/Range:90"
"1205","Light Self Bow (31-50 lbs)","60gp","Complex","Bowyer","TT","0","Weapon-Self Bow","Dice:3/Str:12/Dex:15/Hands:2/Range:70"
"1206","Medium Self Bow (51-75 lbs)","80gp","Complex","Bowyer","TT","0","Weapon-Self Bow","Dice:4/Str:15/Dex:15/Hands:2/Range:80"
"1207","Sheaf of fishbow arrows (24)","30gp","Complex","Bowyer","TT","0","Weapon-Self Bow","Adds:2/Str:0/Dex:0/Range:+20"
"1208","Very light (15-30 lbs)","50gp","Complex","Bowyer","TT","0","Weapon-Self Bow","Dice:2/Str:9/Dex:15/Hands:2/Range:60"
"1209","Throwing Star","50gp","Simple","Bowyer","TT","0","Weapon-Thrown","Dice:1+3/Str:10/Dex:15/Range:15"
"1210","Hand-spikes","3gp","Complex","Bowyer","TT","0","Weapon-Unusual","Dice:2+2/Str:2/Dex:3"
"1211","Throwing star (10)","50gp","Complex","Bowyer","TT","0","Weapon-Unusual","Dice:1+3/Str:10/Dex:15/Range:15"
"1212","Quiver (holds 12 arrows)","1gp",,"Bowyer","TT","0",,
"1213","Quiver (holds 12 bolts)","12sp",,"Bowyer","TT","0",,
"1214","Quiver (holds 24 arrows)","25sp",,"Bowyer","TT","0",,
"1215","Quiver (holds 24 bolts)","3gp",,"Bowyer","TT","0",,
"1216","Quarterstaff","10gp","Simple","Carpenter","TT","0","Weapon-Staff","Dice:2/Str:10/Dex:8/Hands:2"
"1217","Quarterstaff","10gp","Complex","Carpenter","TT","0","Weapon-Unusual","Dice:2/Str:10/Dex:8/Hands:2"
"1218","Barrel, Wooden","2gp",,"Carpenter","TT","0",,
"1219","Boat, Small","75gp",,"Carpenter","TT","0",,
"1220","Box, Wooden, Large","6gp",,"Carpenter","TT","0",,
"1221","Box, Wooden, Small","1gp",,"Carpenter","TT","0",,
"1222","Bucket, Wooden","3sp",,"Carpenter","TT","0",,
"1223","Canoe","55gp",,"Carpenter","TT","0",,
"1224","Cart","50gp",,"Carpenter","TT","0",,
"1225","Cask","5sp",,"Carpenter","TT","0",,
"1226","Chest, Wooden, Large","2gp",,"Carpenter","TT","0",,
"1227","Chest, Wooden, Small","2ep",,"Carpenter","TT","0",,
"1228","Horse, Cart","15gp",,"Carpenter","TT","0",,
"1229","Lifeboat","800gp",,"Carpenter","TT","2",,
"1230","Raft","50gp",,"Carpenter","TT","0",,
"1231","Shield, Small, Wooden","1gp",,"Carpenter","TT","0",,
"1232","Wagon","150gp",,"Carpenter","TT","0",,
"1233","Wagon, Small","100gp",,"Carpenter","TT","0",,
"1234","Ale (pint)","1sp",,"Inn","TT","0",,
"1235","Beer (pint)","1sp",,"Inn","TT","0",,
"1236","Brandy (pint)","1ep",,"Inn","TT","0",,
"1237","Bread","6cp",,"Inn","TT","0",,
"1238","Cheese","6sp",,"Inn","TT","0",,
"1239","Egg, Pickled","1sp",,"Inn","TT","0",,
"1240","Fish","3sp",,"Inn","TT","0",,
"1242","Rum (pint)","5sp",,"Inn","TT","0",,
"1243","Steak","4sp",,"Inn","TT","0",,
"1244","Wine (pint)","5sp",,"Inn","TT","0",,
"1245","Wine, Bottle","2gp",,"Inn","TT","0",,
"1246","Cloth Armor","20gp","Simple","Leatherworker","TT","0","Armor-Full Suit","Hits:1/Str:3"
"1247","Heavy cloth","20gp","Complex","Leatherworker","TT","0","Armor-Full Suit","Hits:1/Str:3"
"1248","Heavy Cloth Armor","50gp","Simple","Leatherworker","TT","0","Armor-Full Suit","Hits:3/Str:6"
"1249","Leather Armor","50gp","Simple","Leatherworker","TT","0","Armor-Full Suit","Hits:5/Str:7"
"1250","Quilted silk/cotton","50gp","Complex","Leatherworker","TT","0","Armor-Full Suit","Hits:3/Str:6"
"1251","Soft leather","50gp","Complex","Leatherworker","TT","0","Armor-Full Suit","Hits:5/Str:7"
"1252","Studded Leather Armor","170gp","Simple","Leatherworker","TT","0","Armor-Full Suit","Hits:7/Str:8"
"1253","Leather Cap","10gp","Simple","Leatherworker","TT","0","Armor-Head","Hits:1/Str:2"
"1254","Leather Leggings","20gp","Simple","Leatherworker","TT","0","Armor-Legs","Hits:2/Str:2"
"1255","Heavy Cloth Shirt","15gp","Simple","Leatherworker","TT","0","Armor-Torso","Hits:1/Str:2"
"1256","Leather jerkin","15gp","Complex","Leatherworker","TT","0","Armor-Torso","Hits:1/Str:2"
"1257","Studded Leather Jacket","40gp","Simple","Leatherworker","TT","0","Armor-Torso","Hits:2/Str:2"
"1258","Blackjack","5gp","Simple","Leatherworker","TT","0","Weapon-Hands","Dice:1+3/Str:4/Dex:12"
"1259","Spiked Punching Gloves","3gp","Simple","Leatherworker","TT","0","Weapon-Hands","Dice:2+2/Str:2/Dex:3"
"1260","Sling","5gp","Simple","Leatherworker","TT","0","Weapon-Ranged","Dice:2/Str:5/Dex:10/Range:50"
"1261","Sling Stone (100)","3gp","Simple","Leatherworker","TT","0","Weapon-Ranged",
"1262","Blackjack","5gp","Complex","Leatherworker","TT","0","Weapon-Unusual","Dice:1+3/Str:4/Dex:12"
"1263","Cat-o`-nine tails","30gp","Complex","Leatherworker","TT","0","Weapon-Unusual","Dice:3/Str:6/Dex:12"
"1264","Backpack, Leather","2gp",,"Leatherworker","TT","0",,
"1265","Bag, Leather, Large","15cp",,"Leatherworker","TT","0",,
"1266","Bag, Leather, Medium","11cp",,"Leatherworker","TT","0",,
"1267","Bag, Leather, Small","7cp",,"Leatherworker","TT","0",,
"1268","Belt, Leather","4sp",,"Leatherworker","TT","0",,
"1269","Belt, Leather, Wide","6sp",,"Leatherworker","TT","0",,
"1270","Boots, Heavy","2gp",,"Leatherworker","TT","0",,
"1271","Boots, High, Hard","2gp",,"Leatherworker","TT","0",,
"1272","Boots, High, Soft","1gp",,"Leatherworker","TT","0",,
"1273","Boots, Low, Hard","1gp",,"Leatherworker","TT","0",,
"1274","Boots, Low, Soft","1sp",,"Leatherworker","TT","0",,
"1275","Boots, Soft","1gp",,"Leatherworker","TT","0",,
"1276","Cap, Leather","4sp",,"Leatherworker","TT","0",,
"1277","Flask, Leather","3cp",,"Leatherworker","TT","0",,
"1278","Gloves, Leather","8sp",,"Leatherworker","TT","0",,
"1279","Pouch, Belt, Large","4sp",,"Leatherworker","TT","0",,
"1280","Pouch, Belt, Small","2sp",,"Leatherworker","TT","0",,
"1281","Saddle & Stirrups","10gp",,"Leatherworker","TT","0",,
"1282","Saddle Bags, Large","4gp",,"Leatherworker","TT","0",,
"1283","Saddle Bags, Small","3gp",,"Leatherworker","TT","0",,
"1284","Saddle Blanket","3sp",,"Leatherworker","TT","0",,
"1285","Satchel","1gp",,"Leatherworker","TT","0",,
"1286","Scrollcase, Leather","1gp",,"Leatherworker","TT","0",,
"1287","Strap, Leather (3 ft)","10sp",,"Leatherworker","TT","0",,
"1288","Book, Parchment (100 pg)","220gp",,"Library","TT","0",,
"1289","Ink (2 oz)","1gp",,"Library","TT","0",,
"1290","Parchment (1 sheet)","4gp",,"Library","TT","0",,
"1291","Quill","2cp",,"Library","TT","0",,
"1292","Scrollcase, Bone","4gp",,"Library","TT","0",,
"1293","Vellum (1 sheet)","3sp",,"Library","TT","0",,
"1294","Water Clock","3gp",,"Library","TT","0",,
"1295","Bandora","15gp",,"Music","TT","0",,
"1296","Chime","2gp",,"Music","TT","0",,
"1297","Drum","4gp",,"Music","TT","0",,
"1298","Fife","5gp",,"Music","TT","0",,
"1299","Flute","16gp",,"Music","TT","0",,
"1300","Gong","5gp",,"Music","TT","0",,
"1301","Harp","50gp",,"Music","TT","0",,
"1302","Horn","6gp",,"Music","TT","0",,
"1303","Lute","25gp",,"Music","TT","0",,
"1304","Lyre","27gp",,"Music","TT","0",,
"1305","Mandolin","28gp",,"Music","TT","0",,
"1306","Pipes","2gp",,"Music","TT","0",,
"1307","Rebeck","30gp",,"Music","TT","0",,
"1308","Recorder","6gp",,"Music","TT","0",,
"1309","Strangle Rope","5gp","Simple","Provisioner","TT","0","Weapon-Hands","Dice:1+3/Str:8/Dex:14"
"1310","Net","8gp","Simple","Provisioner","TT","0","Weapon-Net","Dice:0/Str:8/Dex:12"
"1311","Grapple Hook & Rope (30`)","15gp","Simple","Provisioner","TT","0","Weapon-Thrown","Dice:1+1/Str:3/Dex:8/Hands:2/Range:10"
"1312","Lasso (30`)","25gp","Simple","Provisioner","TT","0","Weapon-Thrown","Dice:1+2/Str:7/Dex:15/Range:10"
"1313","Garotte","5gp","Complex","Provisioner","TT","0","Weapon-Unusual","Dice:1+3/Str:8/Dex:14"
"1314","Grapple hook and rope (30`)","15gp","Complex","Provisioner","TT","0","Weapon-Unusual","Dice:1+1/Str:3/Dex:8/Hands:2/Range:10"
"1315","Lasso (30`)","25gp","Complex","Provisioner","TT","0","Weapon-Unusual","Dice:1+2/Str:7/Dex:15/Range:10"
"1316","Net","8gp","Complex","Provisioner","TT","0","Weapon-Unusual","Str:8/Dex:12"
"1317","Razor-rope (20`)","50gp","Complex","Provisioner","TT","0","Weapon-Unusual","Dice:2+2/Str:5/Dex:13/Hands:2"
"1318","Bedroll","2sp",,"Provisioner","TT","0",,
"1319","Beeswax","1sp",,"Provisioner","TT","0",,
"1320","Bell, Hand","5gp",,"Provisioner","TT","0",,
"1321","Bell, Small","1gp",,"Provisioner","TT","0",,
"1322","Bellows","1gp",,"Provisioner","TT","0",,
"1323","Blanket","8sp",,"Provisioner","TT","0",,
"1324","Block & Tackle","5gp",,"Provisioner","TT","0",,
"1325","Bowl, Clay","5cp",,"Provisioner","TT","0",,
"1326","Bowl, Pewter","2sp",,"Provisioner","TT","0",,
"1327","Bowl, Silver","2gp",,"Provisioner","TT","0",,
"1328","Bowl, Wooden","3cp",,"Provisioner","TT","0",,
"1329","Brazier","15gp",,"Provisioner","TT","0",,
"1330","Caltrops","1gp",,"Provisioner","TT","0",,
"1331","Candle","1sp",,"Provisioner","TT","0",,
"1332","Canvas (1 sq yd)","1sp",,"Provisioner","TT","0",,
"1333","Chain, Iron, Fine (1 ft)","2gp",,"Provisioner","TT","0",,
"1334","Chain, Iron, Heavy (1 ft)","1gp",,"Provisioner","TT","0",,
"1335","Chain, Iron, Light (1 ft)","15sp",,"Provisioner","TT","0",,
"1336","Chain, Iron, Medium (1 ft)","18sp",,"Provisioner","TT","0",,
"1337","Chalk","1cp",,"Provisioner","TT","0",,
"1338","Charcoal (10 lbs)","2gp",,"Provisioner","TT","0",,
"1339","Climbing Peg","1sp",,"Provisioner","TT","0",,
"1340","Crowbar","2gp",,"Provisioner","TT","0",,
"1341","Cup, Clay","4cp",,"Provisioner","TT","0",,
"1342","Cup, Pewter","2sp",,"Provisioner","TT","0",,
"1343","Cup, Silver","2gp",,"Provisioner","TT","0",,
"1344","Cup, Wooden","2cp",,"Provisioner","TT","0",,
"1345","Dice, Ivory","2ep",,"Provisioner","TT","0",,
"1346","Dice, Ivory (loaded)","4gp",,"Provisioner","TT","0",,
"1347","Dwarven matches (100)","10gp",,"Provisioner","TT","0",,
"1348","Dye, Hair","8sp",,"Provisioner","TT","0",,
"1349","Firewood","1cp",,"Provisioner","TT","0",,
"1350","First-aid kit (5 uses)","10gp",,"Provisioner","TT","0",,
"1351","Fish Hook","1sp",,"Provisioner","TT","0",,
"1352","Fishing Net (25 sq ft)","1sp",,"Provisioner","TT","0",,
"1353","Flint & Steel","1gp",,"Provisioner","TT","0",,
"1354","Furnace","35gp",,"Provisioner","TT","0",,
"1355","Goblet, Crystal","4gp",,"Provisioner","TT","0",,
"1356","Goblet, Pewter","4sp",,"Provisioner","TT","0",,
"1357","Goblet, Silver","2gp",,"Provisioner","TT","0",,
"1358","Grappling Hook","1gp",,"Provisioner","TT","0",,
"1359","Hacksaw","2gp",,"Provisioner","TT","0",,
"1360","Hairbrush","7sp",,"Provisioner","TT","0",,
"1361","Hammer & Chisel","5sp",,"Provisioner","TT","0",,
"1362","Iron Spikes (dozen)","1gp",,"Provisioner","TT","0",,
"1363","Jug, Clay","1ep",,"Provisioner","TT","0",,
"1364","Kettle, Iron","8gp",,"Provisioner","TT","0",,
"1365","Ladder, Folding (10 ft)","5sp",,"Provisioner","TT","0",,
"1366","Lamp, Bronze","1sp",,"Provisioner","TT","0",,
"1367","Lantern, Bullseye","12gp",,"Provisioner","TT","0",,
"1368","Lantern, Hooded","7gp",,"Provisioner","TT","0",,
"1369","Lockpicks (set of 3)","60gp",,"Provisioner","TT","0",,
"1370","Manacles","15gp",,"Provisioner","TT","0",,
"1371","Metal File","2gp",,"Provisioner","TT","0",,
"1372","Mirror (1 sq/ft)","15gp",,"Provisioner","TT","0",,
"1373","Mirror, Small, Silver","45gp",,"Provisioner","TT","0",,
"1374","Mirror, Small, Steel","20gp",,"Provisioner","TT","0",,
"1375","Oil, Lamp (pint)","1sp",,"Provisioner","TT","0",,
"1376","Padlock with Key","6gp",,"Provisioner","TT","0",,
"1377","Paint (1 gallon)","2gp",,"Provisioner","TT","0",,
"1378","Paint Brush, Large","5sp",,"Provisioner","TT","0",,
"1379","Paint Brush, Small","1gp",,"Provisioner","TT","0",,
"1380","Pick Axe","6gp",,"Provisioner","TT","0",,
"1381","Pillow, Feather","2sp",,"Provisioner","TT","0",,
"1382","Plate, Clay","3cp",,"Provisioner","TT","0",,
"1383","Plate, Pewter","2sp",,"Provisioner","TT","0",,
"1384","Plate, Silver","2gp",,"Provisioner","TT","0",,
"1385","Plate, Wooden","2cp",,"Provisioner","TT","0",,
"1386","Pliers","1gp",,"Provisioner","TT","0",,
"1387","Pole (10 ft)","2sp",,"Provisioner","TT","0",,
"1388","Pot, Iron","5sp",,"Provisioner","TT","0",,
"1389","Razor","1gp",,"Provisioner","TT","0",,
"1390","Rope, Hemp (50 ft)","1gp",,"Provisioner","TT","0",,
"1391","Rope, Silk (50 ft)","10gp",,"Provisioner","TT","0",,
"1392","Second-aid kit (5 uses-cures 5 hits per)","100gp",,"Provisioner","TT","0",,
"1393","Shovel","4gp",,"Provisioner","TT","0",,
"1394","Skillet","1gp",,"Provisioner","TT","0",,
"1395","Soap, Bar","2gp",,"Provisioner","TT","0",,
"1396","Spyglass","1,000gp",,"Provisioner","TT","0",,
"1397","Stool, Folding","2gp",,"Provisioner","TT","0",,
"1398","Tent","10gp",,"Provisioner","TT","0",,
"1399","Thief Tools","30gp",,"Provisioner","TT","0",,
"1400","Tinderbox","1gp",,"Provisioner","TT","0",,
"1401","Tongs","4sp",,"Provisioner","TT","0",,
"1402","Torch","1cp",,"Provisioner","TT","0",,
"1403","Twine (100 ft)","8cp",,"Provisioner","TT","0",,
"1404","Waterskin (3 pint)","1gp",,"Provisioner","TT","0",,
"1405","Whetstone","1gp",,"Provisioner","TT","0",,
"1406","Whistle","1gp",,"Provisioner","TT","0",,
"1407","Whistle, Signal","8sp",,"Provisioner","TT","0",,
"1408","Cuirboille Animal Barding","300gp",,"Stables","TT","0","Armor-Barding","Hits:6/Str:17"
"1409","Mail Animal Barding","1,500gp",,"Stables","TT","0","Armor-Barding","Hits:11/Str:30"
"1410","Plate Animal Barding","3,500gp",,"Stables","TT","0","Armor-Barding","Hits:14/Str:28"
"1411","Quilted Silk/Cotton Animal Barding","240gp",,"Stables","TT","0","Armor-Barding","Hits:3/Str:3"
"1412","Trapper Animal Barding","100gp",,"Stables","TT","0","Armor-Barding","Hits:1/Str:1"
"1413","Bullwhip (12`-15`)","40gp","Complex","Stables","TT","0","Weapon-Unusual","Dice:4/Str:15/Dex:14/Range:5"
"1414","Bullwhip (12`)","40gp","Simple","Stables","TT","0","Weapon-Whip","Dice:4/Str:15/Dex:14/Range:5"
"1415","Bell, Cow","3gp",,"Stables","TT","0",,
"1416","Bird Cage","5gp",,"Stables","TT","0",,
"1417","Chicken","3cp",,"Stables","TT","0",,
"1418","Cow, Beef","8gp",,"Stables","TT","0",,
"1419","Cow, Milk","7ep",,"Stables","TT","0",,
"1420","Dog, Guard","25gp",,"Stables","TT","0",,
"1421","Dog, Hunting","17gp",,"Stables","TT","0",,
"1422","Donkey","8gp",,"Stables","TT","0",,
"1423","Elephant","900gp",,"Stables","TT","0",,
"1424","Goat","1gp",,"Stables","TT","0",,
"1425","Grain, Horse","1sp",,"Stables","TT","0",,
"1426","Harness","12sp",,"Stables","TT","0",,
"1427","Hawk, Large","40gp",,"Stables","TT","0",,
"1428","Hawk, Small","18gp",,"Stables","TT","0",,
"1429","Horse, Draft","30gp",,"Stables","TT","0",,
"1430","Horse, Riding","40gp",,"Stables","TT","0",,
"1431","Horse, War, Heavy","500gp",,"Stables","TT","0",,
"1432","Horse, War, Light","200gp",,"Stables","TT","0",,
"1433","Horse, War, Medium","350gp",,"Stables","TT","0",,
"1434","Mule","18gp",,"Stables","TT","0",,
"1435","Ox","15gp",,"Stables","TT","0",,
"1436","Pig","3gp",,"Stables","TT","0",,
"1437","Pig, Hog","4gp",,"Stables","TT","0",,
"1438","Pigeon","2cp",,"Stables","TT","0",,
"1439","Piglet","1gp",,"Stables","TT","0",,
"1440","Pony","12gp",,"Stables","TT","0",,
"1441","Reins, Bit & Bridle","2gp",,"Stables","TT","0",,
"1442","Sheep","2gp",,"Stables","TT","0",,
"1443","Songbird","4cp",,"Stables","TT","0",,
"1444","Stabling (per day)","5sp",,"Stables","TT","0",,
"1445","Blouse","4sp",,"Tailor","TT","0",,
"1446","Cap, Cloth","5cp",,"Tailor","TT","0",,
"1447","Cape","3sp",,"Tailor","TT","0",,
"1448","Cloak","5sp",,"Tailor","TT","0",,
"1449","Cloak, Fur","8gp",,"Tailor","TT","0",,
"1450","Cloth, Cotton (1 sq yd)","1sp",,"Tailor","TT","0",,
"1451","Cloth, Linen (1 sq yd)","5cp",,"Tailor","TT","0",,
"1452","Cloth, Satin (1 sq yd)","4gp",,"Tailor","TT","0",,
"1453","Cloth, Silk (1 sq yd)","3gp",,"Tailor","TT","0",,
"1454","Cloth, Velvet (1 sq yd)","4gp",,"Tailor","TT","0",,
"1455","Cloth, Wool (1 sq yd)","8cp",,"Tailor","TT","0",,
"1456","Doublet, Linen","3gp",,"Tailor","TT","0",,
"1457","Dress","9sp",,"Tailor","TT","0",,
"1458","Dye, Cloth","5sp",,"Tailor","TT","0",,
"1459","Girdle, Broad","2gp",,"Tailor","TT","0",,
"1460","Girdle, Normal","10sp",,"Tailor","TT","0",,
"1461","Gloves, Cloth","2sp",,"Tailor","TT","0",,
"1462","Gown, Linen","3gp",,"Tailor","TT","0",,
"1463","Gown, Silk","50gp",,"Tailor","TT","0",,
"1464","Gown, Wool","5cp",,"Tailor","TT","0",,
"1465","Hat","7sp",,"Tailor","TT","0",,
"1466","Loincloth, fur, common (e.g. rabbit)","1sp",,"Tailor","TT","0",,
"1467","Loincloth, fur, good (e.g. wolf)","5sp",,"Tailor","TT","0",,
"1468","Loincloth, fur, rich (e.g. tiger)","1gp",,"Tailor","TT","0",,
"1469","Robe, Linen","3gp",,"Tailor","TT","0",,
"1470","Robe, Silk","60gp",,"Tailor","TT","0",,
"1471","Sack, Cloth, Large","11cp",,"Tailor","TT","0",,
"1472","Sack, Cloth, Small","7cp",,"Tailor","TT","0",,
"1473","Scissors","5sp",,"Tailor","TT","0",,
"1474","Sewing Needle","2ep",,"Tailor","TT","0",,
"1475","Shirt","4sp",,"Tailor","TT","0",,
"1476","Shoes, Common","5sp",,"Tailor","TT","0",,
"1477","Shoes, Noble","30gp",,"Tailor","TT","0",,
"1478","Skirt","3sp",,"Tailor","TT","0",,
"1479","String (50 ft)","1sp",,"Tailor","TT","0",,
"1480","Thread, Spool","5cp",,"Tailor","TT","0",,
"1481","Trousers, Heavy","8sp",,"Tailor","TT","0",,
"1482","Trousers, Light","3sp",,"Tailor","TT","0",,
"1483","Tunic, Formal","10gp",,"Tailor","TT","0",,
"1484","Tunic, Wool","5cp",,"Tailor","TT","0",,
"1485","Ale (gallon)","1ep",,"Tavern","TT","0",,
"1486","Ale (pint)","1sp",,"Tavern","TT","0",,
"1487","Beer (gallon)","4sp",,"Tavern","TT","0",,
"1488","Beer (pint)","1sp",,"Tavern","TT","0",,
"1489","Brandy (pint)","1ep",,"Tavern","TT","0",,
"1490","Bread","6cp",,"Tavern","TT","0",,
"1491","Cheese","6sp",,"Tavern","TT","0",,
"1492","Cider","4sp",,"Tavern","TT","0",,
"1493","Egg, Pickled","1sp",,"Tavern","TT","0",,
"1494","Fish","3sp",,"Tavern","TT","0",,
"1495","Grog (pint)","3sp",,"Tavern","TT","0",,
"1496","Mead, (pint)","5sp",,"Tavern","TT","0",,
"1497","Rum (pint)","5sp",,"Tavern","TT","0",,
"1498","Steak","4sp",,"Tavern","TT","0",,
"1499","Wine (pint)","5sp",,"Tavern","TT","0",,
"1500","Wine, Bottle","2gp",,"Tavern","TT","0",,
"1501","Camel Pack/Riding","40gp",,"Stables","DD","0",,
"1502","Camel Pack/Riding","40gp",,"Stables","TT","0",,
"1503","Leather Bracers","75gp","Deluxe","Leatherworker","TT","0","Armor-Arms","Hits: 1 each/Str: 1/Dex: 0"
"1504","Steel Bracers","170gp","Deluxe","Blacksmith","TT","0","Armor-Arms","Hits: 1 each/Str: 1/Dex: 0"
"1505","Studded Leather Bracers","85gp","Deluxe","Leatherworker","TT","0","Armor-Arms","Hits: 1 each/Str: 1/Dex: 0"
"1506","Steel Boots","210gp","Deluxe","Blacksmith","TT","0","Armor-Feet","Hits: 1 each/Str: 1/Dex: 0"
"1507","Banded Mail Armor","400gp","Deluxe","Blacksmith","TT","0","Armor-Full Suit","Hits: 13/Str: 11/Dex: -3"
"1508","Cloth Armor","1gp","Deluxe","Tailor","TT","0","Armor-Full Suit","Hits: 1/Str: 1/Dex: 0"
"1509","Hardened Leather Armor","180gp","Deluxe","Leatherworker","TT","0","Armor-Full Suit","Hits: 7/Str: 7/Dex: -1"
"1510","Light Leather Armor","50gp","Deluxe","Leatherworker","TT","0","Armor-Full Suit","Hits: 3/Str: 3/Dex: 0"
"1511","Padded Armor","100gp","Deluxe","Tailor","TT","0","Armor-Full Suit","Hits: 4/Str: 6/Dex: 0"
"1512","Plate Mail Armor","600gp","Deluxe","Blacksmith","TT","0","Armor-Full Suit","Hits: 16/Str: 10/Dex: -3"
"1513","Ring Mail Armor","330gp","Deluxe","Blacksmith","TT","0","Armor-Full Suit","Hits: 12/Str: 11/Dex: -3"
"1514","Ring-Joined Plate Armor","280gp","Deluxe","Blacksmith","TT","0","Armor-Full Suit","Hits: 8/Str: 8/Dex: -2"
"1515","Samurai Mail Armor","300gp","Deluxe","Blacksmith","TT","0","Armor-Full Suit","Hits: 9/Str: 9/Dex: -2"
"1516","Scale Mail Armor","300gp","Deluxe","Blacksmith","TT","0","Armor-Full Suit","Hits: 10/Str: 11/Dex: -3"
"1517","Studded Leather Armor","130gp","Dweluxe","Leatherworker","TT","0","Armor-Full Suit","Hits: 5/Str: 6/Dex: 0"
"1518","Studded Leather Armor","130gp","Deluxe","Leatherworker","TT","0","Armor-Full Suit","Hits: 5/Str: 6/Dex: 0"
"1519","Guantlets","30gp","Deluxe","Blacksmith","TT","0","Armor-Hands","Hits: 1 each/Str: 2/Dex: -1"
"1520","Heavy Leather Gloves","5gp","Deluxe","Leatherworker","TT","0","Armor-Hands","Hits: 0/Str: 1/Dex: 0"
"1521","Mitten Gauntlets","90gp","Deluxe","Blacksmith","TT","0","Armor-Hands","Hits: 1 each/Str: 5/Dex: -3"
"1522","Chain Coif","17gp","Deluxe","Blacksmith","TT","0","Armor-Head","Hits: 2/Str: 3/Dex: 0"
"1523","Full Face Mask","15gp","Deluxe","Blacksmith","TT","0","Armor-Head","Hits: 1/Str: 1/Dex: -1"
"1524","Great Helm","20gp","Deluxe","Blacksmith","TT","0","Armor-Head","Hits: 3/Str: 3/Dex: -1"
"1525","Metal Hood","17gp","Deluxe","Blacksmith","TT","0","Armor-Head","Hits: 2/Str: 3/Dex: 0"
"1526","Open-Faced Helm","16gp","Deluxe","Blacksmith","TT","0","Armor-Head","Hits: 2/Str: 3/Dex: 0"
"1527","Skull Cap","5gp","Deluxe","Blacksmith","TT","0","Armor-Head","Hits: 1/Str: 1/Dex: 0"
"1528","Steel Cap","5gp","Deluxe","Blacksmith","TT","0","Armor-Head","Hits: 1/Str: 1/Dex: 0"
"1529","Mail Hose","160gp","Deluxe","Blacksmith","TT","0","Armor-Legs","Hits: 1 each/Str: 1/Dex: 0"
"1530","Shin Plate","140gp","Deluxe","Blacksmith","TT","0","Armor-Legs","Hits: 1 each/Str: 1/Dex: 0"
"1531","Thigh Armor","160gp","Deluxe","Blacksmith","TT","0","Armor-Legs","Hits: 1 each/Str: 1/Dex: 0"
"1532","Buckler","15gp","Deluxe","Blacksmith","TT","0","Armor-Shield","Hits: 3/Str: 3/Dex: 8"
"1533","Double-Bladed Shield","90gp","Deluxe","Blacksmith","TT","0","Armor-Shield","Hits: 2/Str: 8/Dex: 14"
"1534","Knight Shield","70gp","Deluxe","Blacksmith","TT","0","Armor-Shield","Hits: 5/Str: 10/Dex: 10"
"1535","Single-Bladed Shield","60gp","Deluxe","Blacksmith","TT","0","Armor-Shield","Hits: 2/Str: 9/Dex: 12"
"1536","Spiked Shield","75gp","Deluxe","Blacksmith","TT","0","Armor-Shield","Hits: 4/Str: 10/Dex: 8"
"1537","Target Shield","40gp","Deluxe","Blacksmith","TT","0","Armor-Shield","Hits: 4/Str: 10/Dex: 8"
"1538","Tower Shield","130gp","Deluxe","Blacksmith","TT","0","Armor-Shield","Hits: 7/Str: 12/Dex: 8"
"1539","Iron Breast Plate","70gp","Deluxe","Blacksmith","TT","0","Armor-Torso","Hits: 4/Str: 2/Dex: 0"
"1540","Leather Breast Piece","90gp","Deluxe","Leatherworker","TT","0","Armor-Torso","Hits: 3/Str: 2/Dex: 0"
"1541","Mail Coat","200gp","Deluxe","Blacksmith","TT","0","Armor-Torso","Hits: 5/Str: 5/Dex: -2"
"1542","Mail Shirt","170gp","Deluxe","Blacksmith","TT","0","Armor-Torso","Hits: 4/Str: 4/Dex: -1"
"1543","Steel Back Plate","210gp","Deluxe","Blacksmith","TT","0","Armor-Torso","Hits: 6/Str: 2/Dex: 0"
"1544","Steel Breast Plate","210gp","Deluxe","Blacksmith","TT","0","Armor-Torso","Hits: 6/Str: 2/Dex: 0"
"1545","Studded Leather Back Piece","120gp","Deluxe","Leatherworker","TT","0","Armor-Torso","Hits: 4/Str: 2/Dex: 0"
"1546","Studded Leather Breast Piece","120gp","Deluxe","Leatherworker","TT","0","Armor-Torso","Hits: 4/Str: 2/Dex: 0"
"1547","Gigantic Dagger","50gp","Deluxe","Blacksmith","TT","0","Weapon-Dagger","Dmg: 2d6+5/Str: 10/Dex: 10/35/Range: 10"
"1548","Heroic Dagger","35gp","Deluxe","Blacksmith","TT","0","Weapon-Dagger","Dmg: 2d6+4/Str: 7/Dex: 8/30/Range: 10"
"1549","Large Dagger","25gp","Deluxe","Blacksmith","TT","0","Weapon-Dagger","Dmg: 2d6+3/Str: 5/Dex: 7/20/Range: 15"
"1550","Large Double Dagger","35gp","Deluxe","Blacksmith","TT","0","Weapon-Dagger","Dmg: 2d6+4/Str: 10/Dex: 12"
"1551","Medium Dagger","20gp","Deluxe","Blacksmith","TT","0","Weapon-Dagger","Dmg: 2d6+2/Str: 3/Dex: 3/14/Range: 15"
"1552","Small Dagger","10gp","Deluxe","Blacksmith","TT","0","Weapon-Dagger","Dmg: 2d6/Str: 1/Dex: 1/12/Range: 10"
"1553","Small Double Dagger","25gp","Deluxe","Blacksmith","TT","0","Weapon-Dagger","Dmg: 2d6/Str: 6/Dex: 12"
"1554","Blastgun","6,000gp","Deluxe","Provisioner","TT","0","Weapon-Gunnes","Dmg: 10d6+30/Str: 35/Dex: 16/Range: 20"
"1555","Gigantic Shotgun","9,000gp","Deluxe","Provisioner","TT","0","Weapon-Gunnes","Dmg: 15d6+30/Str: 45/Dex: 18/Range: 35"
"1556","Hand Cannon","5,000gp","Deluxe","Provisioner","TT","0","Weapon-Gunnes","Dmg: 18d6+2/Str: 35/Dex: 16/Range: 50"
"1557","Large Hand Cannon","8,000gp","Deluxe","Provisioner","TT","0","Weapon-Gunnes","Dmg: 23d6+3/Str: 45/Dex: 18/Range: 120"
"1558","Large Handgun","2,500gp","Deluxe","Provisioner","TT","0","Weapon-Gunnes","Dmg: 12d6+2/Str: 18/Dex: 12/Range: 50"
"1559","Medium Handgun","2,000gp","Deluxe","Provisioner","TT","0","Weapon-Gunnes","Dmg: 11d6+4/Str: 12/15/Dex: 12/Range: 30"
"1560","Ax","73gp","Deluxe","Blacksmith","TT","0","Weapon-Hafted","Dmg: 5d6/Str: 13/Dex: 15"
"1561","Club","20gp","Deluxe","Blacksmith","TT","0","Weapon-Hafted","Dmg: 3d6/Str: 8/Dex: 10/Range: 10"
"1562","Gigantic Ax","163gp","Deluxe","Blacksmith","TT","0","Weapon-Hafted","Dmg: 10d6/Str: 27/Dex: 10"
"1563","Gigantic Club","160gp","Deluxe","Blacksmith","TT","0","Weapon-Hafted","Dmg: 10d6/Str: 28/Dex: 10"
"1564","Gigantic Pick","148gp","Deluxe","Blacksmith","TT","0","Weapon-Hafted","Dmg: 10d6/Str: 29/Dex: 12"
"1565","Great Ax","133gp","Deluxe","Blacksmith","TT","0","Weapon-Hafted","Dmg: 7d6/Str: 23/Dex: 10"
"1566","Hatchet","33gp","Deluxe","Blacksmith","TT","0","Weapon-Hafted","Dmg: 3d6/Str: 5/Dex: 5/15/Range: 15"
"1567","Heavy Ax","103gp","Deluxe","Blacksmith","TT","0","Weapon-Hafted","Dmg: 6d6/Str: 18/Dex: 10"
"1568","Heavy Flail","100gp","Deluxe","Blacksmith","TT","0","Weapon-Hafted","Dmg: 6d6/Str: 18/Dex: 15"
"1569","Heavy Warhammer","100gp","Deluxe","Blacksmith","TT","0","Weapon-Hafted","Dmg: 6d6/Str: 18/Dex: 10"
"1570","Heroic Mace","130gp","Deluxe","Blacksmith","TT","0","Weapon-Hafted","Dmg: 7d6/Str: 23/Dex: 10"
"1571","Heroic Maul","130gp","Deluxe","Blacksmith","TT","0","Weapon-Hafted","Dmg: 7d6/Str: 23/Dex: 10"
"1572","Large Pick","108gp","Deluxe","Blacksmith","TT","0","Weapon-Hafted","Dmg: 6d6/Str: 18/Dex: 12"
"1573","Light Flail","70gp","Deluxe","Blacksmith","TT","0","Weapon-Hafted","Dmg: 5d6/Str: 14/Dex: 15"
"1574","Light Warhammer","20gp","Deluxe","Blacksmith","TT","0","Weapon-Hafted","Dmg: 3d6/Str: 8/Dex: 5/15/Range: 10"
"1575","Light Warhammer","20gp","Deluxe","Blacksmith","TT","0","Weapon-Hafted","Dmg: 3d6/Str: 8/Dex: 5/15/Range: 10"
"1576","Mace","70gp","Deluxe","Blacksmith","TT","0","Weapon-Hafted","Dmg: 5d6/Str: 14/Dex: 8"
"1577","Maul","100gp","Deluxe","Blacksmith","TT","0","Weapon-Hafted","Dmg: 6d6/Str: 18/Dex: 10"
"1578","Medium Warhammer","70gp","Deluxe","Blacksmith","TT","0","Weapon-Hafted","Dmg: 5d6/Str: 14/Dex: 8"
"1579","Morning Star","79gp","Deluxe","Blacksmith","TT","0","Weapon-Hafted","Dmg: 5d6/Str: 14/Dex: 15"
"1580","Small Pick","50gp","Deluxe","Blacksmith","TT","0","Weapon-Hafted","Dmg: 3d6/Str: 5/Dex: 8"
"1581","War Mace","100gp","Deluxe","Blacksmith","TT","0","Weapon-Hafted","Dmg: 6d6/Str: 18/Dex: 10"
"1582","War Pick","128gp","Deluxe","Blacksmith","TT","0","Weapon-Hafted","Dmg: 7d6/Str: 24/Dex: 12"
"1583","Blackjack","35gp","Deluxe","Leatherworker","TT","0","Weapon-Misc","Dmg: 2d6/Str: 3/Dex: 6"
"1584","Brass Knuckles","45gp","Deluxe","Provisioner","TT","0","Weapon-Misc","Dmg: 1d6+3/Str: 3/Dex: 6"
"1585","Caltrops","1gp for 2ea","Deluxe","Provisioner","TT","0","Weapon-Misc","Dmg: 1d6 ea/Str: 0/Dex: 3/Range: 15"
"1586","Chain Sword","180gp","Deluxe","Blacksmith","TT","0","Weapon-Misc","Dmg: 4d6/Str: 12/Dex: 18/Range: 3"
"1587","Strangling Cord","5gp","Deluxe","Provisioner","TT","0","Weapon-Misc","Dmg: 1d6/Str: 8/Dex: 14"
"1588","Tiger Claws","35gp","Deluxe","Blacksmith","TT","0","Weapon-Misc","Dmg: 2d6 ea/Str: 5/Dex: 10"
"1589","Whip","40gp","Deluxe","Leatherworker","TT","0","Weapon-Misc","Dmg: 2d6/Str: 13/Dex: 14/Range: 6"
"1590","Gigantic Pole Arm","200gp","Deluxe","Blacksmith","TT","0","Weapon-Pole Arm","Dmg: 12d6/Str: 28/Dex: 18"
"1591","Heroic Pole Arm","180gp","Deluxe","Blacksmith","TT","0","Weapon-Pole Arm","Dmg: 8d6/Str: 21/Dex: 16"
"1592","Long Pole Arm","160gp","Deluxe","Blacksmith","TT","0","Weapon-Pole Arm","Dmg: 7d6/Str: 17/Dex: 14"
"1593","Medium Pole Arm","140gp","Deluxe","Blacksmith","TT","0","Weapon-Pole Arm","Dmg: 6d6/Str: 13/Dex: 12"
"1594","Short Pole Arm","100gp","Deluxe","Blacksmith","TT","0","Weapon-Pole Arm","Dmg: 5d6/Str: 11/Dex: 10"
"1595","Blowpipe","30gp for 20ea","Deluxe","Carpenter","TT","0","Weapon-Projectile","Dmg: 1d6/Str: 3/Dex: 12/Range: 20"
"1596","Bola","35gp","Deluxe","Provisioner","TT","0","Weapon-Projectile","Dmg: 1d6/Str: 5/Dex: 10/Range: 30"
"1597","Boomerang","35gp","Deluxe","Carpenter","TT","0","Weapon-Projectile","Dmg: 2d6/Str: 7/Dex: 16/Range: 20"
"1598","Dart","5gp for 3ea","Deluxe","Provisioner","TT","0","Weapon-Projectile","Dmg: 1d6/Str: 5/Dex: 12/Range: 10"
"1599","Gigantic Bow","175gp","Deluxe","Bowyer","TT","0","Weapon-Projectile","Dmg: 8d6/Str: 25/Dex: 17/Range: 125"
"1600","Gigantic Crossbow","350gp","Deluxe","Bowyer","TT","0","Weapon-Projectile","Dmg: 15d6/Str: 17/45/Dex: 10/Range: 200"
"1601","Grapnel","25gp","Deluxe","Provisioner","TT","0","Weapon-Projectile","Dmg: 2d6/Str: 5/Dex: 10/Range: 25"
"1602","Heavy Bow","80gp","Deluxe","Bowyer","TT","0","Weapon-Projectile","Dmg: 5d6/Str: 15/Dex: 15/Range: 75"
"1603","Heavy Chakram","30gp","Deluxe","Provisioner","TT","0","Weapon-Projectile","Dmg: 2d6/Str: 7/Dex: 14/Range: 20"
"1604","Heavy Crossbow","220gp","Deluxe","Bowyer","TT","0","Weapon-Projectile","Dmg: 6d6/Str: 17/34/Dex: 10/Range: 90"
"1605","Light Bow","40gp","Deluxe","Bowyer","TT","0","Weapon-Projectile","Dmg: 3d6/Str: 9/Dex: 15/Range: 50"
"1606","Light Crossbow","100gp","Deluxe","Bowyer","TT","0","Weapon-Projectile","Dmg: 3d6/Str: 10/Dex: 10/Range: 30"
"1607","Medium Crossbow","160gp","Deluxe","Bowyer","TT","0","Weapon-Projectile","Dmg: 4d6/Str: 15/30/Dex: 10/Range: 70"
"1608","Medium Pocket Sling","5gp","Deluxe","Leatherworker","TT","0","Weapon-Projectile","Dmg: 4d6/Str: 6/Dex: 14/Range: 60"
"1609","Medium Staff Sling","15gp","Deluxe","Leatherworker","TT","0","Weapon-Projectile","Dmg: 6d6/Str: 10/Dex: 18/Range: 90"
"1610","Small Pocket Sling","5gp","Deluxe","Leatherworker","TT","0","Weapon-Projectile","Dmg: 2d6/Str: 6/Dex: 14/Range: 60"
"1611","Small Staff Sling","15gp","Deluxe","Leatherworker","TT","0","Weapon-Projectile","Dmg: 3d6/Str: 10/Dex: 18/Range: 90"
"1612","Standard Bow","60gp","Deluxe","Bowyer","TT","0","Weapon-Projectile","Dmg: 4d6/Str: 12/Dex: 15/Range: 60"
"1613","Throwing Blade","100gp","Deluxe","Provisioner","TT","0","Weapon-Projectile","Dmg: 4d6/Str: 8/Dex: 18/Range: 20"
"1614","Throwing Star","5gp for 15ea","Deluxe","Provisioner","TT","0","Weapon-Projectile","Dmg: 1d6/Str: 4/Dex: 10/Range: 10"
"1615","War Bola","100gp","Deluxe","Provisioner","TT","0","Weapon-Projectile","Dmg: 2d6/Str: 7/Dex: 12/Range: 30"
"1616","War Disc","5gp for 20ea","Deluxe","Provisioner","TT","0","Weapon-Projectile","Dmg: 1d6/Str: 4/Dex: 14/Range: 20"
"1617","Weighted Net","30gp","Deluxe","Provisioner","TT","0","Weapon-Projectile","Dmg: 0/Str: 8/Dex: 12/Range: 3"
"1618","Double-Ended Sword-Staff","200gp","Deluxe","Blacksmith","TT","0","Weapon-Shafted","Dmg: 6d6/Str: 13/Dex: 14/21"
"1619","Gigantic Spear","220gp","Deluxe","Blacksmith","TT","0","Weapon-Shafted","Dmg: 10d6/Str: 25/Dex: 10"
"1620","Heroic Spear","170gp","Deluxe","Blacksmith","TT","0","Weapon-Shafted","Dmg: 7d6/Str: 18/Dex: 12"
"1621","Large Spear","120gp","Deluxe","Blacksmith","TT","0","Weapon-Shafted","Dmg: 6d6/Str: 15/Dex: 12"
"1622","Medium Spear","50gp","Deluxe","Blacksmith","TT","0","Weapon-Shafted","Dmg: 4d6/Str: 12/14/Dex: 8/12/Range: 20"
"1623","Quaterstaff","100gp","Deluxe","Carpenter","TT","0","Weapon-Shafted","Dmg: 4d6/Str: 12/Dex: 10"
"1624","Wizard Staff","100gp","Deluxe","Carpenter","TT","0","Weapon-Shafted","Dmg: 2d6+2/Str: 11/Dex: 10"
"1625","Gigantic Sabre","121gp","Deluxe","Blacksmith","TT","0","Weapon-Sword","Dmg: 10d6/Str: 35/Dex: 35"
"1626","Gigantic Sword","110gp","Deluxe","Blacksmith","TT","0","Weapon-Sword","Dmg: 10d6/Str: 35/Dex: 25"
"1627","Heroic Great Sword","90gp","Deluxe","Blacksmith","TT","0","Weapon-Sword","Dmg: 7d6/Str: 25/Dex: 21"
"1628","Heroic Sabre","99gp","Deluxe","Blacksmith","TT","0","Weapon-Sword","Dmg: 7d6/Str: 25/Dex: 25"
"1629","Long Sabre","77gp","Deluxe","Blacksmith","TT","0","Weapon-Sword","Dmg: 5d6/Str: 16/Dex: 16"
"1630","Long Sword","70gp","Deluxe","Blacksmith","TT","0","Weapon-Sword","Dmg: 5d6/Str: 16/Dex: 18"
"1631","Medium Sabre","66gp","Deluxe","Blacksmith","TT","0","Weapon-Sword","Dmg: 4d6/Str: 12/Dex: 12"
"1632","Medium Sword","60gp","Deluxe","Blacksmith","TT","0","Weapon-Sword","Dmg: 4d6/Str: 12/Dex: 12"
"1633","Short Sword","50gp","Deluxe","Blacksmith","TT","0","Weapon-Sword","Dmg: 3d6/Str: 8/Dex: 7"
"1634","Small Sabre","55gp","Deluxe","Blacksmith","TT","0","Weapon-Sword","Dmg: 3d6/Str: 8/Dex: 8"
"1635","Leather Bracers","75gp","Deluxes","Leatherworker","TT","0","Armor-Arms","Hits: 1 each/Str: 1/Dex: 0"
"1636","Steel Bracers","170gp","Deluxes","Blacksmith","TT","0","Armor-Arms","Hits: 1 each/Str: 1/Dex: 0"
"1637","Studded Leather Bracers","85gp","Deluxes","Leatherworker","TT","0","Armor-Arms","Hits: 1 each/Str: 1/Dex: 0"
"1638","Steel Boots","210gp","Deluxes","Blacksmith","TT","0","Armor-Feet","Hits: 1 each/Str: 1/Dex: 0"
"1639","Banded Mail Armor","400gp","Deluxes","Blacksmith","TT","0","Armor-Full Suit","Hits: 13/Str: 11/Dex: -3"
"1640","Cloth Armor","1gp","Deluxes","Tailor","TT","0","Armor-Full Suit","Hits: 1/Str: 1/Dex: 0"
"1641","Hardened Leather Armor","180gp","Deluxes","Leatherworker","TT","0","Armor-Full Suit","Hits: 7/Str: 7/Dex: -1"
"1642","Light Leather Armor","50gp","Deluxes","Leatherworker","TT","0","Armor-Full Suit","Hits: 3/Str: 3/Dex: 0"
"1643","Padded Armor","100gp","Deluxes","Tailor","TT","0","Armor-Full Suit","Hits: 4/Str: 6/Dex: 0"
"1644","Plate Mail Armor","600gp","Deluxes","Blacksmith","TT","0","Armor-Full Suit","Hits: 16/Str: 10/Dex: -3"
"1645","Ring Mail Armor","330gp","Deluxes","Blacksmith","TT","0","Armor-Full Suit","Hits: 12/Str: 11/Dex: -3"
"1646","Ring-Joined Plate Armor","280gp","Deluxes","Blacksmith","TT","0","Armor-Full Suit","Hits: 8/Str: 8/Dex: -2"
"1647","Samurai Mail Armor","300gp","Deluxes","Blacksmith","TT","0","Armor-Full Suit","Hits: 9/Str: 9/Dex: -2"
"1648","Scale Mail Armor","300gp","Deluxes","Blacksmith","TT","0","Armor-Full Suit","Hits: 10/Str: 11/Dex: -3"
"1649","Studded Leather Armor","130gp","Deluxes","Leatherworker","TT","0","Armor-Full Suit","Hits: 5/Str: 6/Dex: 0"
"1650","Guantlets","30gp","Deluxes","Blacksmith","TT","0","Armor-Hands","Hits: 1 each/Str: 2/Dex: -1"
"1651","Heavy Leather Gloves","5gp","Deluxes","Leatherworker","TT","0","Armor-Hands","Hits: 0/Str: 1/Dex: 0"
"1652","Mitten Gauntlets","90gp","Deluxes","Blacksmith","TT","0","Armor-Hands","Hits: 1 each/Str: 5/Dex: -3"
"1653","Chain Coif","17gp","Deluxes","Blacksmith","TT","0","Armor-Head","Hits: 2/Str: 3/Dex: 0"
"1654","Full Face Mask","15gp","Deluxes","Blacksmith","TT","0","Armor-Head","Hits: 1/Str: 1/Dex: -1"
"1655","Great Helm","20gp","Deluxes","Blacksmith","TT","0","Armor-Head","Hits: 3/Str: 3/Dex: -1"
"1656","Metal Hood","17gp","Deluxes","Blacksmith","TT","0","Armor-Head","Hits: 2/Str: 3/Dex: 0"
"1657","Open-Faced Helm","16gp","Deluxes","Blacksmith","TT","0","Armor-Head","Hits: 2/Str: 3/Dex: 0"
"1658","Skull Cap","5gp","Deluxes","Blacksmith","TT","0","Armor-Head","Hits: 1/Str: 1/Dex: 0"
"1659","Steel Cap","5gp","Deluxes","Blacksmith","TT","0","Armor-Head","Hits: 1/Str: 1/Dex: 0"
"1660","Mail Hose","160gp","Deluxes","Blacksmith","TT","0","Armor-Legs","Hits: 1 each/Str: 1/Dex: 0"
"1661","Shin Plate","140gp","Deluxes","Blacksmith","TT","0","Armor-Legs","Hits: 1 each/Str: 1/Dex: 0"
"1662","Thigh Armor","160gp","Deluxes","Blacksmith","TT","0","Armor-Legs","Hits: 1 each/Str: 1/Dex: 0"
"1663","Buckler","15gp","Deluxes","Blacksmith","TT","0","Armor-Shield","Hits: 3/Str: 3/Dex: 8"
"1664","Double-Bladed Shield","90gp","Deluxes","Blacksmith","TT","0","Armor-Shield","Hits: 2/Str: 8/Dex: 14"
"1665","Knight Shield","70gp","Deluxes","Blacksmith","TT","0","Armor-Shield","Hits: 5/Str: 10/Dex: 10"
"1666","Single-Bladed Shield","60gp","Deluxes","Blacksmith","TT","0","Armor-Shield","Hits: 2/Str: 9/Dex: 12"
"1667","Spiked Shield","75gp","Deluxes","Blacksmith","TT","0","Armor-Shield","Hits: 4/Str: 10/Dex: 8"
"1668","Target Shield","40gp","Deluxes","Blacksmith","TT","0","Armor-Shield","Hits: 4/Str: 10/Dex: 8"
"1669","Tower Shield","130gp","Deluxes","Blacksmith","TT","0","Armor-Shield","Hits: 7/Str: 12/Dex: 8"
"1670","Iron Breast Plate","70gp","Deluxes","Blacksmith","TT","0","Armor-Torso","Hits: 4/Str: 2/Dex: 0"
"1671","Leather Breast Piece","90gp","Deluxes","Leatherworker","TT","0","Armor-Torso","Hits: 3/Str: 2/Dex: 0"
"1672","Mail Coat","200gp","Deluxes","Blacksmith","TT","0","Armor-Torso","Hits: 5/Str: 5/Dex: -2"
"1673","Mail Shirt","170gp","Deluxes","Blacksmith","TT","0","Armor-Torso","Hits: 4/Str: 4/Dex: -1"
"1674","Steel Back Plate","210gp","Deluxes","Blacksmith","TT","0","Armor-Torso","Hits: 6/Str: 2/Dex: 0"
"1675","Steel Breast Plate","210gp","Deluxes","Blacksmith","TT","0","Armor-Torso","Hits: 6/Str: 2/Dex: 0"
"1676","Studded Leather Back Piece","120gp","Deluxes","Leatherworker","TT","0","Armor-Torso","Hits: 4/Str: 2/Dex: 0"
"1677","Studded Leather Breast Piece","120gp","Deluxes","Leatherworker","TT","0","Armor-Torso","Hits: 4/Str: 2/Dex: 0"
"1678","Bich`wa","35gp","Deluxes","Blacksmith","TT","0","Weapon-Dagger","Dmg: 2d6+4/Str: 10/Dex: 12"
"1679","Boot Dagger","20gp","Deluxes","Blacksmith","TT","0","Weapon-Dagger","Dmg: 2d6+2/Str: 3/Dex: 3/14/Range: 15"
"1680","Bowie Knife","25gp","Deluxes","Blacksmith","TT","0","Weapon-Dagger","Dmg: 2d6+3/Str: 5/Dex: 7/20/Range: 15"
"1681","Butcher Knife","20gp","Deluxes","Blacksmith","TT","0","Weapon-Dagger","Dmg: 2d6+2/Str: 3/Dex: 3/14/Range: 15"
"1682","Dirk","10gp","Deluxes","Blacksmith","TT","0","Weapon-Dagger","Dmg: 2d6/Str: 1/Dex: 1/12/Range: 10"
"1683","Haladie","25gp","Deluxes","Blacksmith","TT","0","Weapon-Dagger","Dmg: 2d6/Str: 6/Dex: 12"
"1684","Haladie","35gp","Deluxes","Blacksmith","TT","0","Weapon-Dagger","Dmg: 2d6+4/Str: 7/Dex: 8/30/Range: 10"
"1685","Ice Pick","10gp","Deluxes","Blacksmith","TT","0","Weapon-Dagger","Dmg: 2d6/Str: 1/Dex: 1/12/Range: 10"
"1686","Jambiya","25gp","Deluxes","Blacksmith","TT","0","Weapon-Dagger","Dmg: 2d6+3/Str: 5/Dex: 7/20/Range: 15"
"1687","Katar","25gp","Deluxes","Blacksmith","TT","0","Weapon-Dagger","Dmg: 2d6+3/Str: 5/Dex: 7/20/Range: 15"
"1688","Kris","25gp","Deluxes","Blacksmith","TT","0","Weapon-Dagger","Dmg: 2d6+3/Str: 5/Dex: 7/20/Range: 15"
"1689","Kukri","25gp","Deluxes","Blacksmith","TT","0","Weapon-Dagger","Dmg: 2d6+3/Str: 5/Dex: 7/20/Range: 15"
"1690","Large Poniard","20gp","Deluxes","Blacksmith","TT","0","Weapon-Dagger","Dmg: 2d6+2/Str: 3/Dex: 3/14/Range: 15"
"1691","Main Gauche","25gp","Deluxes","Blacksmith","TT","0","Weapon-Dagger","Dmg: 2d6+3/Str: 5/Dex: 7/20/Range: 15"
"1692","Misericord","20gp","Deluxes","Blacksmith","TT","0","Weapon-Dagger","Dmg: 2d6+2/Str: 3/Dex: 3/14/Range: 15"
"1693","Pocket Knife","10gp","Deluxes","Blacksmith","TT","0","Weapon-Dagger","Dmg: 2d6/Str: 1/Dex: 1/12/Range: 10"
"1694","Poniard","10gp","Deluxes","Blacksmith","TT","0","Weapon-Dagger","Dmg: 2d6/Str: 1/Dex: 1/12/Range: 10"
"1695","Sax","35gp","Deluxes","Blacksmith","TT","0","Weapon-Dagger","Dmg: 2d6+4/Str: 7/Dex: 8/30/Range: 10"
"1696","Sheath Dagger","20gp","Deluxes","Blacksmith","TT","0","Weapon-Dagger","Dmg: 2d6+2/Str: 3/Dex: 3/14/Range: 15"
"1697","Sickle","25gp","Deluxes","Blacksmith","TT","0","Weapon-Dagger","Dmg: 2d6+3/Str: 5/Dex: 7/20/Range: 15"
"1698","Skinning Knife","25gp","Deluxes","Blacksmith","TT","0","Weapon-Dagger","Dmg: 2d6+3/Str: 5/Dex: 7/20/Range: 15"
"1699","Sleave Dagger","20gp","Deluxes","Blacksmith","TT","0","Weapon-Dagger","Dmg: 2d6+2/Str: 3/Dex: 3/14/Range: 15"
"1700","Stiletto","10gp","Deluxes","Blacksmith","TT","0","Weapon-Dagger","Dmg: 2d6/Str: 1/Dex: 1/12/Range: 10"
"1701","Trollish Dagger","50gp","Deluxes","Blacksmith","TT","0","Weapon-Dagger","Dmg: 2d6+5/Str: 10/Dex: 10/35/Range: 10"
"1702","Arquebus","2,500gp","Deluxes","Provisioner","TT","0","Weapon-Gunnes","Dmg: 12d6+2/Str: 18/Dex: 12/Range: 50"
"1703","Blunderbus","3,500gp","Deluxes","Provisioner","TT","0","Weapon-Gunnes","Dmg: 8d6+20/Str: 18/Dex: 12/Range: 15"
"1704","Bombardelle","5,000gp","Deluxes","Provisioner","TT","0","Weapon-Gunnes","Dmg: 18d6+2/Str: 35/Dex: 16/Range: 50"
"1705","Dagg","1,000gp","Deluxes","Provisioner","TT","0","Weapon-Gunnes","Dmg: 9d6+2/Str: 8/Dex: 10/Range: 20"
"1706","Deck Gun","6,000gp","Deluxes","Provisioner","TT","0","Weapon-Gunnes","Dmg: 10d6+30/Str: 35/Dex: 16/Range: 20"
"1707","Firelock","2,000gp","Deluxes","Provisioner","TT","0","Weapon-Gunnes","Dmg: 11d6+4/Str: 12/15/Dex: 12/Range: 30"
"1708","Firestick","1,000gp","Deluxes","Provisioner","TT","0","Weapon-Gunnes","Dmg: 9d6+2/Str: 8/Dex: 10/Range: 20"
"1709","Flintlock","2,000gp","Deluxes","Provisioner","TT","0","Weapon-Gunnes","Dmg: 11d6+4/Str: 12/15/Dex: 12/Range: 30"
"1710","Petronel","2,000gp","Deluxes","Provisioner","TT","0","Weapon-Gunnes","Dmg: 11d6+4/Str: 12/15/Dex: 12/Range: 30"
"1711","Pistol","1,000gp","Deluxes","Provisioner","TT","0","Weapon-Gunnes","Dmg: 9d6+2/Str: 8/Dex: 10/Range: 20"
"1712","Snaphaunce","1,000gp","Deluxes","Provisioner","TT","0","Weapon-Gunnes","Dmg: 9d6+2/Str: 8/Dex: 10/Range: 20"
"1713","Thunderstick","2,500gp","Deluxes","Provisioner","TT","0","Weapon-Gunnes","Dmg: 12d6+2/Str: 18/Dex: 12/Range: 50"
"1714","Trollish Hand Cannon","8,000gp","Deluxes","Provisioner","TT","0","Weapon-Gunnes","Dmg: 23d6+3/Str: 45/Dex: 18/Range: 120"
"1715","Trollish Shotgun","9,000gp","Deluxes","Provisioner","TT","0","Weapon-Gunnes","Dmg: 15d6+30/Str: 45/Dex: 18/Range: 35"
"1716","Adze","33gp","Deluxes","Blacksmith","TT","0","Weapon-Hafted","Dmg: 3d6/Str: 5/Dex: 5/15"
"1717","Ankus","50gp","Deluxes","Blacksmith","TT","0","Weapon-Hafted","Dmg: 3d6/Str: 5/Dex: 8"
"1718","Baton","20gp","Deluxes","Blacksmith","TT","0","Weapon-Hafted","Dmg: 3d6/Str: 8/Dex: 10/Range: 10"
"1719","Billy Club","20gp","Deluxes","Blacksmith","TT","0","Weapon-Hafted","Dmg: 3d6/Str: 8/Dex: 5/15/Range: 10"
"1720","Breaker Bar","70gp","Deluxes","Blacksmith","TT","0","Weapon-Hafted","Dmg: 5d6/Str: 14/Dex: 8"
"1721","Broad Ax","73gp","Deluxes","Blacksmith","TT","0","Weapon-Hafted","Dmg: 5d6/Str: 13/Dex: 9/15"
"1722","Bulova","70gp","Deluxes","Blacksmith","TT","0","Weapon-Hafted","Dmg: 5d6/Str: 14/Dex: 8"
"1723","Centaur Hammer","100gp","Deluxes","Blacksmith","TT","0","Weapon-Hafted","Dmg: 6d6/Str: 18/Dex: 10"
"1724","Chain Ax","73gp","Deluxes","Blacksmith","TT","0","Weapon-Hafted","Dmg: 5d6/Str: 13/Dex: 15"
"1725","Cleaver","33gp","Deluxes","Blacksmith","TT","0","Weapon-Hafted","Dmg: 3d6/Str: 5/Dex: 5/15/Range: 10"
"1726","Crowbar","20gp","Deluxes","Blacksmith","TT","0","Weapon-Hafted","Dmg: 3d6/Str: 8/Dex: 5/15/Range: 10"
"1727","Dagger Mace","78gp","Deluxes","Blacksmith","TT","0","Weapon-Hafted","Dmg: 5d6/Str: 12/Dex: 8"
"1728","Dagger Mace","70gp","Deluxes","Blacksmith","TT","0","Weapon-Hafted","Dmg: 5d6/Str: 14/Dex: 8"
"1729","Double-Bladed Broad Ax","133gp","Deluxes","Blacksmith","TT","0","Weapon-Hafted","Dmg: 7d6/Str: 23/Dex: 10"
"1730","Double-Handed Heavy Mattock","128gp","Deluxes","Blacksmith","TT","0","Weapon-Hafted","Dmg: 7d6/Str: 24/Dex: 12"
"1731","Dwarven War Ax","133gp","Deluxes","Blacksmith","TT","0","Weapon-Hafted","Dmg: 7d6/Str: 23/Dex: 10"
"1732","Flanged Mace","103gp","Deluxes","Blacksmith","TT","0","Weapon-Hafted","Dmg: 6d6/Str: 18/Dex: 10"
"1733","Flanged Mace","100gp","Deluxes","Blacksmith","TT","0","Weapon-Hafted","Dmg: 6d6/Str: 18/Dex: 10"
"1734","Francesca","33gp","Deluxes","Blacksmith","TT","0","Weapon-Hafted","Dmg: 3d6/Str: 5/Dex: 5/15/Range: 15"
"1735","Gaff","50gp","Deluxes","Blacksmith","TT","0","Weapon-Hafted","Dmg: 3d6/Str: 5/Dex: 8"
"1736","Giant Spiked Mace","130gp","Deluxes","Blacksmith","TT","0","Weapon-Hafted","Dmg: 7d6/Str: 23/Dex: 10"
"1737","Great Ax","103gp","Deluxes","Blacksmith","TT","0","Weapon-Hafted","Dmg: 6d6/Str: 18/Dex: 10"
"1738","Great Maul","130gp","Deluxes","Blacksmith","TT","0","Weapon-Hafted","Dmg: 7d6/Str: 23/Dex: 10"
"1739","Great Trollish Stone Ax","163gp","Deluxes","Blacksmith","TT","0","Weapon-Hafted","Dmg: 10d6/Str: 27/Dex: 10"
"1740","Hatchet","33gp","Deluxes","Blacksmith","TT","0","Weapon-Hafted","Dmg: 3d6/Str: 5/Dex: 5/15/Range: 15"
"1741","Headsman Ax","103gp","Deluxes","Blacksmith","TT","0","Weapon-Hafted","Dmg: 6d6/Str: 18/Dex: 10"
"1742","Heavy Flail","100gp","Deluxes","Blacksmith","TT","0","Weapon-Hafted","Dmg: 6d6/Str: 18/Dex: 15"
"1743","Heavy Sledge Hammer","100gp","Deluxes","Blacksmith","TT","0","Weapon-Hafted","Dmg: 6d6/Str: 18/Dex: 10"
"1744","Heavy Throwing Ax","73gp","Deluxes","Blacksmith","TT","0","Weapon-Hafted","Dmg: 5d6/Str: 13/Dex: 10"
"1745","Heavy War Hammer","100gp","Deluxes","Blacksmith","TT","0","Weapon-Hafted","Dmg: 6d6/Str: 18/Dex: 10"
"1746","Light Flail","70gp","Deluxes","Blacksmith","TT","0","Weapon-Hafted","Dmg: 5d6/Str: 14/Dex: 15"
"1747","Mace","70gp","Deluxes","Blacksmith","TT","0","Weapon-Hafted","Dmg: 5d6/Str: 14/Dex: 8"
"1748","Mattock","78gp","Deluxes","Blacksmith","TT","0","Weapon-Hafted","Dmg: 5d6/Str: 12/Dex: 8"
"1749","Maul","100gp","Deluxes","Blacksmith","TT","0","Weapon-Hafted","Dmg: 6d6/Str: 18/Dex: 10"
"1750","Medium Sledge Hammer","70gp","Deluxes","Blacksmith","TT","0","Weapon-Hafted","Dmg: 5d6/Str: 14/Dex: 8"
"1751","Morning Star","79gp","Deluxes","Blacksmith","TT","0","Weapon-Hafted","Dmg: 5d6/Str: 14/Dex: 15"
"1752","Nun-Chucks","20gp","Deluxes","Blacksmith","TT","0","Weapon-Hafted","Dmg: 3d6/Str: 8/Dex: 15/Range: 10"
"1753","Orkish War Ax","103gp","Deluxes","Blacksmith","TT","0","Weapon-Hafted","Dmg: 6d6/Str: 18/Dex: 10"
"1754","Pacifier","20gp","Deluxes","Blacksmith","TT","0","Weapon-Hafted","Dmg: 3d6/Str: 8/Dex: 10/Range: 10"
"1755","Pickax","78gp","Deluxes","Blacksmith","TT","0","Weapon-Hafted","Dmg: 5d6/Str: 12/Dex: 8"
"1756","Piton Hammer","50gp","Deluxes","Blacksmith","TT","0","Weapon-Hafted","Dmg: 3d6/Str: 5/Dex: 8"
"1757","Piton Hammer","20gp","Deluxes","Blacksmith","TT","0","Weapon-Hafted","Dmg: 3d6/Str: 8/Dex: 5/15/Range: 10"
"1758","Raven Beak","108gp","Deluxes","Blacksmith","TT","0","Weapon-Hafted","Dmg: 6d6/Str: 18/Dex: 12"
"1759","Shillelagh","20gp","Deluxes","Blacksmith","TT","0","Weapon-Hafted","Dmg: 3d6/Str: 8/Dex: 5/15/Range: 10"
"1760","Sledge Hammer","20gp","Deluxes","Blacksmith","TT","0","Weapon-Hafted","Dmg: 3d6/Str: 8/Dex: 5/15/Range: 10"
"1761","Taper Ax","33gp","Deluxes","Blacksmith","TT","0","Weapon-Hafted","Dmg: 3d6/Str: 5/Dex: 5/15/Range: 10"
"1762","Thrusting Ax","73gp","Deluxes","Blacksmith","TT","0","Weapon-Hafted","Dmg: 5d6/Str: 13/Dex: 9/15"
"1763","Thrusting Ax","108gp","Deluxes","Blacksmith","TT","0","Weapon-Hafted","Dmg: 6d6/Str: 18/Dex: 12"
"1764","Trollish War Club","160gp","Deluxes","Blacksmith","TT","0","Weapon-Hafted","Dmg: 10d6/Str: 28/Dex: 10"
"1765","Trollish War Pick","148gp","Deluxes","Blacksmith","TT","0","Weapon-Hafted","Dmg: 10d6/Str: 29/Dex: 12"
"1766","Truncheon","20gp","Deluxes","Blacksmith","TT","0","Weapon-Hafted","Dmg: 3d6/Str: 8/Dex: 5/15/Range: 10"
"1767","War Hammer","70gp","Deluxes","Blacksmith","TT","0","Weapon-Hafted","Dmg: 5d6/Str: 14/Dex: 8"
"1768","War Shovel","73gp","Deluxes","Blacksmith","TT","0","Weapon-Hafted","Dmg: 5d6/Str: 13/Dex: 9/15"
"1769","War Spoon","70gp","Deluxes","Blacksmith","TT","0","Weapon-Hafted","Dmg: 5d6/Str: 14/Dex: 8"
"1770","Woodsman Ax","73gp","Deluxes","Blacksmith","TT","0","Weapon-Hafted","Dmg: 5d6/Str: 13/Dex: 10"
"1771","Zaghnal","73gp","Deluxes","Blacksmith","TT","0","Weapon-Hafted","Dmg: 5d6/Str: 13/Dex: 9/15"
"1772","Blackjack","35gp","Deluxes","Leatherworker","TT","0","Weapon-Misc","Dmg: 2d6/Str: 3/Dex: 6"
"1773","Brass Knuckles","45gp","Deluxes","Provisioner","TT","0","Weapon-Misc","Dmg: 1d6+3/Str: 3/Dex: 6"
"1774","Caltrops","1gp for 2ea","Deluxes","Provisioner","TT","0","Weapon-Misc","Dmg: 1d6 ea/Str: 0/Dex: 3/Range: 15"
"1775","Chain Sword","180gp","Deluxes","Blacksmith","TT","0","Weapon-Misc","Dmg: 4d6/Str: 12/Dex: 18/Range: 3"
"1776","Garrotte","5gp","Deluxes","Provisioner","TT","0","Weapon-Misc","Dmg: 1d6/Str: 8/Dex: 14"
"1777","Tiger Claws","35gp","Deluxes","Blacksmith","TT","0","Weapon-Misc","Dmg: 2d6 ea/Str: 5/Dex: 10"
"1778","Whip","40gp","Deluxes","Leatherworker","TT","0","Weapon-Misc","Dmg: 2d6/Str: 13/Dex: 14/Range: 6"
"1779","Billhook","160gp","Deluxes","Blacksmith","TT","0","Weapon-Pole Arm","Dmg: 7d6/Str: 17/Dex: 14"
"1780","Brandestock","100gp","Deluxes","Blacksmith","TT","0","Weapon-Pole Arm","Dmg: 5d6/Str: 11/Dex: 10"
"1781","Demi-Lune","180gp","Deluxes","Blacksmith","TT","0","Weapon-Pole Arm","Dmg: 8d6/Str: 21/Dex: 16"
"1782","Fauchard","180gp","Deluxes","Blacksmith","TT","0","Weapon-Pole Arm","Dmg: 8d6/Str: 21/Dex: 16"
"1783","Guisarme","140gp","Deluxes","Blacksmith","TT","0","Weapon-Pole Arm","Dmg: 6d6/Str: 13/Dex: 12"
"1784","Halbard","160gp","Deluxes","Blacksmith","TT","0","Weapon-Pole Arm","Dmg: 7d6/Str: 17/Dex: 14"
"1785","Hasta","140gp","Deluxes","Blacksmith","TT","0","Weapon-Pole Arm","Dmg: 6d6/Str: 13/Dex: 12"
"1786","Oxtongue","140gp","Deluxes","Blacksmith","TT","0","Weapon-Pole Arm","Dmg: 6d6/Str: 13/Dex: 12"
"1787","Partizan","140gp","Deluxes","Blacksmith","TT","0","Weapon-Pole Arm","Dmg: 6d6/Str: 13/Dex: 12"
"1788","Pitchfork","140gp","Deluxes","Blacksmith","TT","0","Weapon-Pole Arm","Dmg: 6d6/Str: 13/Dex: 12"
"1789","Pole Ax","160gp","Deluxes","Blacksmith","TT","0","Weapon-Pole Arm","Dmg: 7d6/Str: 17/Dex: 14"
"1790","Ranseur","180gp","Deluxes","Blacksmith","TT","0","Weapon-Pole Arm","Dmg: 8d6/Str: 21/Dex: 16"
"1791","Scythe","100gp","Deluxes","Blacksmith","TT","0","Weapon-Pole Arm","Dmg: 5d6/Str: 11/Dex: 10"
"1792","Thief Catcher","100gp","Deluxes","Blacksmith","TT","0","Weapon-Pole Arm","Dmg: 5d6/Str: 11/Dex: 10"
"1793","Trollish Pole Arm","200gp","Deluxes","Blacksmith","TT","0","Weapon-Pole Arm","Dmg: 12d6/Str: 28/Dex: 18"
"1794","Voulge","160gp","Deluxes","Blacksmith","TT","0","Weapon-Pole Arm","Dmg: 7d6/Str: 17/Dex: 14"
"1795","War Fork","100gp","Deluxes","Blacksmith","TT","0","Weapon-Pole Arm","Dmg: 5d6/Str: 11/Dex: 10"
"1796","Arbalest","220gp","Deluxes","Bowyer","TT","0","Weapon-Projectile","Dmg: 6d6/Str: 17/34/Dex: 10/Range: 90"
"1797","Blowpipe","30gp for 20ea","Deluxes","Carpenter","TT","0","Weapon-Projectile","Dmg: 1d6/Str: 3/Dex: 12/Range: 20"
"1798","Bola","35gp","Deluxes","Provisioner","TT","0","Weapon-Projectile","Dmg: 1d6/Str: 5/Dex: 10/Range: 30"
"1799","Boomerang","35gp","Deluxes","Carpenter","TT","0","Weapon-Projectile","Dmg: 2d6/Str: 7/Dex: 16/Range: 20"
"1800","Chakram","5gp for 20ea","Deluxes","Provisioner","TT","0","Weapon-Projectile","Dmg: 1d6/Str: 4/Dex: 14/Range: 20"
"1801","Crossbow","160gp","Deluxes","Bowyer","TT","0","Weapon-Projectile","Dmg: 4d6/Str: 15/30/Dex: 10/Range: 70"
"1802","Dart","5gp for 3ea","Deluxes","Provisioner","TT","0","Weapon-Projectile","Dmg: 1d6/Str: 5/Dex: 12/Range: 10"
"1803","Double Crossbow","160gp","Deluxes","Bowyer","TT","0","Weapon-Projectile","Dmg: 4d6/Str: 15/30/Dex: 10/Range: 70"
"1804","Fish Bow","40gp","Deluxes","Bowyer","TT","0","Weapon-Projectile","Dmg: 3d6/Str: 9/Dex: 15/Range: 50"
"1805","Grapnel","25gp","Deluxes","Provisioner","TT","0","Weapon-Projectile","Dmg: 2d6/Str: 5/Dex: 10/Range: 25"
"1806","Heavy Chakram","30gp","Deluxes","Provisioner","TT","0","Weapon-Projectile","Dmg: 2d6/Str: 7/Dex: 14/Range: 20"
"1807","Herculean Bow","175gp","Deluxes","Bowyer","TT","0","Weapon-Projectile","Dmg: 8d6/Str: 25/Dex: 17/Range: 125"
"1808","Horsman Bow","40gp","Deluxes","Bowyer","TT","0","Weapon-Projectile","Dmg: 3d6/Str: 9/Dex: 15/Range: 50"
"1809","Hunter Bow","60gp","Deluxes","Bowyer","TT","0","Weapon-Projectile","Dmg: 4d6/Str: 12/Dex: 15/Range: 60"
"1810","Light Crossbow","100gp","Deluxes","Bowyer","TT","0","Weapon-Projectile","Dmg: 3d6/Str: 10/Dex: 10/Range: 30"
"1811","Longbow","135gp","Deluxes","Bowyer","TT","0","Weapon-Projectile","Dmg: 6d6/Str: 20/Dex: 16/Range: 100"
"1812","Medium Pocket Sling","5gp","Deluxes","Leatherworker","TT","0","Weapon-Projectile","Dmg: 4d6/Str: 6/Dex: 14/Range: 60"
"1813","Medium Staff Sling","15gp","Deluxes","Leatherworker","TT","0","Weapon-Projectile","Dmg: 6d6/Str: 10/Dex: 18/Range: 90"
"1814","One-Handed Crossbow","100gp","Deluxes","Bowyer","TT","0","Weapon-Projectile","Dmg: 3d6/Str: 10/Dex: 10/Range: 30"
"1815","Over-Under Crossbow","160gp","Deluxes","Bowyer","TT","0","Weapon-Projectile","Dmg: 4d6/Str: 15/30/Dex: 10/Range: 70"
"1816","Repeating Crossbow","160gp","Deluxes","Bowyer","TT","0","Weapon-Projectile","Dmg: 4d6/Str: 15/30/Dex: 10/Range: 70"
"1817","Rogue Bow","60gp","Deluxes","Bowyer","TT","0","Weapon-Projectile","Dmg: 4d6/Str: 12/Dex: 15/Range: 60"
"1818","Self Bow","40gp","Deluxes","Bowyer","TT","0","Weapon-Projectile","Dmg: 3d6/Str: 9/Dex: 15/Range: 50"
"1819","Shuriken","5gp for 15ea","Deluxes","Provisioner","TT","0","Weapon-Projectile","Dmg: 1d6/Str: 4/Dex: 10/Range: 10"
"1820","Small Pocket Sling","5gp","Deluxes","Leatherworker","TT","0","Weapon-Projectile","Dmg: 2d6/Str: 6/Dex: 14/Range: 60"
"1821","Small Staff Sling","15gp","Deluxes","Leatherworker","TT","0","Weapon-Projectile","Dmg: 3d6/Str: 10/Dex: 18/Range: 90"
"1822","Throwing Blade","100gp","Deluxes","Provisioner","TT","0","Weapon-Projectile","Dmg: 4d6/Str: 8/Dex: 18/Range: 20"
"1823","Trollish Crossbow","350gp","Deluxes","Bowyer","TT","0","Weapon-Projectile","Dmg: 15d6/Str: 17/45/Dex: 10/Range: 200"
"1824","War Bola","100gp","Deluxes","Provisioner","TT","0","Weapon-Projectile","Dmg: 2d6/Str: 7/Dex: 12/Range: 30"
"1825","Warrior Bow","80gp","Deluxes","Bowyer","TT","0","Weapon-Projectile","Dmg: 5d6/Str: 15/Dex: 15/Range: 75"
"1826","Weighted Net","30gp","Deluxes","Provisioner","TT","0","Weapon-Projectile","Dmg: 0/Str: 8/Dex: 12/Range: 3"
"1827","Assegai","15gp","Deluxes","Blacksmith","TT","0","Weapon-Shafted","Dmg: 3d6/Str: 7/Dex: 10/12/Range: 15"
"1828","Boar Spear","50gp","Deluxes","Blacksmith","TT","0","Weapon-Shafted","Dmg: 4d6/Str: 12/14/Dex: 8/12/Range: 20"
"1829","Double-Ended Sword-Staff","200gp","Deluxes","Blacksmith","TT","0","Weapon-Shafted","Dmg: 6d6/Str: 13/Dex: 14/21"
"1830","Dragon-Hunting Spear","170gp","Deluxes","Blacksmith","TT","0","Weapon-Shafted","Dmg: 7d6/Str: 18/Dex: 12"
"1831","Footman Spear","15gp","Deluxes","Blacksmith","TT","0","Weapon-Shafted","Dmg: 3d6/Str: 7/Dex: 10/12/Range: 15"
"1832","Footman Spike","120gp","Deluxes","Blacksmith","TT","0","Weapon-Shafted","Dmg: 6d6/Str: 15/Dex: 12"
"1833","Harpoon","50gp","Deluxes","Blacksmith","TT","0","Weapon-Shafted","Dmg: 4d6/Str: 12/14/Dex: 8/12/Range: 20"
"1834","Hasta","50gp","Deluxes","Blacksmith","TT","0","Weapon-Shafted","Dmg: 4d6/Str: 12/14/Dex: 8/12/Range: 20"
"1835","Hoko Yari","50gp","Deluxes","Blacksmith","TT","0","Weapon-Shafted","Dmg: 4d6/Str: 12/14/Dex: 8/12/Range: 20"
"1836","Javelin","15gp","Deluxes","Blacksmith","TT","0","Weapon-Shafted","Dmg: 3d6/Str: 7/Dex: 10/12/Range: 15"
"1837","Knights Lance","170gp","Deluxes","Blacksmith","TT","0","Weapon-Shafted","Dmg: 7d6/Str: 18/Dex: 12"
"1838","Light Cavalry Lance","50gp","Deluxes","Blacksmith","TT","0","Weapon-Shafted","Dmg: 4d6/Str: 12/14/Dex: 8/12/Range: 20"
"1839","Picado","15gp","Deluxes","Blacksmith","TT","0","Weapon-Shafted","Dmg: 3d6/Str: 7/Dex: 10/12/Range: 15"
"1840","Pike","170gp","Deluxes","Blacksmith","TT","0","Weapon-Shafted","Dmg: 7d6/Str: 18/Dex: 12"
"1841","Pilum","50gp","Deluxes","Blacksmith","TT","0","Weapon-Shafted","Dmg: 4d6/Str: 12/14/Dex: 8/12/Range: 20"
"1842","Quaterstaff","100gp","Deluxes","Carpenter","TT","0","Weapon-Shafted","Dmg: 4d6/Str: 12/Dex: 10"
"1843","Shield Spear","15gp","Deluxes","Blacksmith","TT","0","Weapon-Shafted","Dmg: 3d6/Str: 7/Dex: 10/12/Range: 15"
"1844","Trident","50gp","Deluxes","Blacksmith","TT","0","Weapon-Shafted","Dmg: 4d6/Str: 12/14/Dex: 8/12/Range: 20"
"1845","Trollish War Spear","220gp","Deluxes","Blacksmith","TT","0","Weapon-Shafted","Dmg: 10d6/Str: 25/Dex: 10"
"1846","Wizard Staff","100gp","Deluxes","Carpenter","TT","0","Weapon-Shafted","Dmg: 2d6+2/Str: 11/Dex: 10"
"1847","Bastard Sword","70gp","Deluxes","Blacksmith","TT","0","Weapon-Sword","Dmg: 5d6/Str: 16/Dex: 18"
"1848","Black Eagle","60gp","Deluxes","Blacksmith","TT","0","Weapon-Sword","Dmg: 4d6/Str: 12/Dex: 12"
"1849","Bone Splitter","90gp","Deluxes","Blacksmith","TT","0","Weapon-Sword","Dmg: 7d6/Str: 25/Dex: 21"
"1850","Broadsword","60gp","Deluxes","Blacksmith","TT","0","Weapon-Sword","Dmg: 4d6/Str: 12/Dex: 12"
"1851","Broadsword","70gp","Deluxes","Blacksmith","TT","0","Weapon-Sword","Dmg: 5d6/Str: 16/Dex: 18"
"1852","Court Scimitar","121gp","Deluxes","Blacksmith","TT","0","Weapon-Sword","Dmg: 10d6/Str: 35/Dex: 35"
"1853","Cross-Thrust Sword","70gp","Deluxes","Blacksmith","TT","0","Weapon-Sword","Dmg: 5d6/Str: 16/Dex: 18"
"1854","Cutlass","66gp","Deluxes","Blacksmith","TT","0","Weapon-Sword","Dmg: 4d6/Str: 12/Dex: 12"
"1855","Estok","60gp","Deluxes","Blacksmith","TT","0","Weapon-Sword","Dmg: 4d6/Str: 12/Dex: 12"
"1856","Execution Blade","121gp","Deluxes","Blacksmith","TT","0","Weapon-Sword","Dmg: 10d6/Str: 35/Dex: 35"
"1857","Falchion","77gp","Deluxes","Blacksmith","TT","0","Weapon-Sword","Dmg: 5d6/Str: 16/Dex: 16"
"1858","Fish Spine","70gp","Deluxes","Blacksmith","TT","0","Weapon-Sword","Dmg: 5d6/Str: 16/Dex: 18"
"1859","Gladius","50gp","Deluxes","Blacksmith","TT","0","Weapon-Sword","Dmg: 3d6/Str: 8/Dex: 7"
"1860","Grand Shamsheer","99gp","Deluxes","Blacksmith","TT","0","Weapon-Sword","Dmg: 7d6/Str: 25/Dex: 25"
"1861","Heavy Gladius","60gp","Deluxes","Blacksmith","TT","0","Weapon-Sword","Dmg: 4d6/Str: 12/Dex: 12"
"1862","Katana","66gp","Deluxes","Blacksmith","TT","0","Weapon-Sword","Dmg: 4d6/Str: 12/Dex: 12"
"1863","Large Claymore","90gp","Deluxes","Blacksmith","TT","0","Weapon-Sword","Dmg: 7d6/Str: 25/Dex: 21"
"1864","Large Pata","70gp","Deluxes","Blacksmith","TT","0","Weapon-Sword","Dmg: 5d6/Str: 16/Dex: 18"
"1865","Manople","50gp","Deluxes","Blacksmith","TT","0","Weapon-Sword","Dmg: 3d6/Str: 8/Dex: 7"
"1866","No-Datchi","99gp","Deluxes","Blacksmith","TT","0","Weapon-Sword","Dmg: 7d6/Str: 25/Dex: 25"
"1867","Orkish Scimitar","77gp","Deluxes","Blacksmith","TT","0","Weapon-Sword","Dmg: 5d6/Str: 16/Dex: 16"
"1868","Pata","60gp","Deluxes","Blacksmith","TT","0","Weapon-Sword","Dmg: 4d6/Str: 12/Dex: 12"
"1869","Punch Sword","50gp","Deluxes","Blacksmith","TT","0","Weapon-Sword","Dmg: 3d6/Str: 8/Dex: 7"
"1870","Rapier","60gp","Deluxes","Blacksmith","TT","0","Weapon-Sword","Dmg: 4d6/Str: 12/Dex: 12"
"1871","Sabre","66gp","Deluxes","Blacksmith","TT","0","Weapon-Sword","Dmg: 4d6/Str: 12/Dex: 12"
"1872","Scimitar","66gp","Deluxes","Blacksmith","TT","0","Weapon-Sword","Dmg: 4d6/Str: 12/Dex: 12"
"1873","Shark-Tooth","60gp","Deluxes","Blacksmith","TT","0","Weapon-Sword","Dmg: 4d6/Str: 12/Dex: 12"
"1874","Short Sabre","55gp","Deluxes","Blacksmith","TT","0","Weapon-Sword","Dmg: 3d6/Str: 8/Dex: 8"
"1875","Shortsword","50gp","Deluxes","Blacksmith","TT","0","Weapon-Sword","Dmg: 3d6/Str: 8/Dex: 7"
"1876","Sword Cane","50gp","Deluxes","Blacksmith","TT","0","Weapon-Sword","Dmg: 3d6/Str: 8/Dex: 7"
"1877","Trollish Great Sword","110gp","Deluxes","Blacksmith","TT","0","Weapon-Sword","Dmg: 10d6/Str: 35/Dex: 25"
"1878","Wakizashi","55gp","Deluxes","Blacksmith","TT","0","Weapon-Sword","Dmg: 3d6/Str: 8/Dex: 8"
"1879","Small Bullet (10)","1gp","Deluxe","Provisioner","TT","0",,
"1880","Large Bullet (2)","1gp","Deluxe","Provisioner","TT","0",,
"1881","Small Bullet (10)","1gp","Deluxes","Provisioner","TT","0",,
"1882","Large Bullet (2)","1gp","Deluxes","Provisioner","TT","0",,
